Workbook
Name All_India_Index_Upto_April23__1: 'MAIN DATA'!$A$1:$AA$373

Sheet MAIN DATA
A1: Sector | B1: Year | C1: Month | D1: Cereals and products | E1: Meat and fish | F1: Egg | G1: Milk and products | H1: Oils and fats | I1: Fruits | J1: Vegetables | K1: Pulses and products | L1: Sugar and Confectionery | M1: Spices | N1: Non-alcoholic beverages | O1: Prepared meals, snacks, sweets etc. | P1: Pan, tobacco and intoxicants | Q1: Clothing | R1: Footwear | S1: HOUSING | T1: Fuel and light | U1: Household goods and services | V1: Health | W1: Transport and communication | X1: Recreation and amusement | Y1: Education | Z1: Personal care and effects | AA1: General index | AB1: FOOD AND BEVERAGES | AC1: HOUSING | AD1: FUEL AND LIGHT | AE1: CLOTHING AND FOOTWEAR | AF1: MISCELLANEOUS | AG1: TOTAL EQUAL BASKET
A2: Rural | B2: 2013 | C2: January | D2: 107.5 | E2: 106.3 | F2: 108.1 | G2: 104.9 | H2: 106.1 | I2: 103.9 | J2: 101.9 | K2: 106.1 | L2: 106.8 | M2: 103.1 | N2: 104.8 | O2: 106.7 | P2: 105.1 | Q2: 106.5 | R2: 105.8 | T2: 105.5 | U2: 104.8 | V2: 104 | W2: 103.3 | X2: 103.4 | Y2: 103.8 | Z2: 104.7 | AA2: 105.1 | AB2: =SUM(D2:O2) -> 1266.2 | AD2: 105.5 | AE2: =SUM(Q2:R2) -> 212.3 | AF2: =SUM(U2:Z2,P2) -> 729.1 | AG2: =SUM(AB2:AF2) -> 2313.1
A3: Urban | B3: 2013 | C3: January | D3: 110.5 | E3: 109.1 | F3: 113 | G3: 103.6 | H3: 103.4 | I3: 102.3 | J3: 102.9 | K3: 105.8 | L3: 105.1 | M3: 101.8 | N3: 105.1 | O3: 107.9 | P3: 105.2 | Q3: 105.9 | R3: 105 | S3: 100.3 | T3: 105.4 | U3: 104.8 | V3: 104.1 | W3: 103.2 | X3: 102.9 | Y3: 103.5 | Z3: 104.3 | AA3: 104 | AB3: =SUM(D3:O3) -> 1270.5 | AC3: 100.3 | AD3: 105.4 | AE3: =SUM(Q3:R3) -> 210.9 | AF3: =SUM(U3:Z3,P3) -> 728 | AG3: =SUM(AB3:AF3) -> 2415.1
A4: Rural+Urban | B4: 2013 | C4: January | D4: 108.4 | E4: 107.3 | F4: 110 | G4: 104.4 | H4: 105.1 | I4: 103.2 | J4: 102.2 | K4: 106 | L4: 106.2 | M4: 102.7 | N4: 104.9 | O4: 107.3 | P4: 105.1 | Q4: 106.3 | R4: 105.5 | S4: 100.3 | T4: 105.5 | U4: 104.8 | V4: 104 | W4: 103.2 | X4: 103.1 | Y4: 103.6 | Z4: 104.5 | AA4: 104.6 | AB4: =SUM(D4:O4) -> 1267.7 | AC4: 100.3 | AD4: 105.5 | AE4: =SUM(Q4:R4) -> 211.8 | AF4: =SUM(U4:Z4,P4) -> 728.3 | AG4: =SUM(AB4:AF4) -> 2413.6
A5: Rural | B5: 2013 | C5: February | D5: 109.2 | E5: 108.7 | F5: 110.2 | G5: 105.4 | H5: 106.7 | I5: 104 | J5: 102.4 | K5: 105.9 | L5: 105.7 | M5: 103.1 | N5: 105.1 | O5: 107.7 | P5: 105.6 | Q5: 107.1 | R5: 106.3 | T5: 106.2 | U5: 105.2 | V5: 104.4 | W5: 103.9 | X5: 104 | Y5: 104.1 | Z5: 104.6 | AA5: 105.8 | AB5: =SUM(D5:O5) -> 1274.1 | AD5: 106.2 | AE5: =SUM(Q5:R5) -> 213.4 | AF5: =SUM(U5:Z5,P5) -> 731.8 | AG5: =SUM(AB5:AF5) -> 2325.5
A6: Urban | B6: 2013 | C6: February | D6: 112.9 | E6: 112.9 | F6: 116.9 | G6: 104 | H6: 103.5 | I6: 103.1 | J6: 104.9 | K6: 104.1 | L6: 103.8 | M6: 102.3 | N6: 106 | O6: 109 | P6: 106 | Q6: 106.6 | R6: 105.5 | S6: 100.4 | T6: 105.7 | U6: 105.2 | V6: 104.7 | W6: 104.4 | X6: 103.3 | Y6: 103.7 | Z6: 104.3 | AA6: 104.7 | AB6: =SUM(D6:O6) -> 1283.4 | AC6: 100.4 | AD6: 105.7 | AE6: =SUM(Q6:R6) -> 212.1 | AF6: =SUM(U6:Z6,P6) -> 731.6 | AG6: =SUM(AB6:AF6) -> 2433.2
A7: Rural+Urban | B7: 2013 | C7: February | D7: 110.4 | E7: 110.2 | F7: 112.8 | G7: 104.9 | H7: 105.5 | I7: 103.6 | J7: 103.2 | K7: 105.3 | L7: 105.1 | M7: 102.8 | N7: 105.5 | O7: 108.3 | P7: 105.7 | Q7: 106.9 | R7: 106 | S7: 100.4 | T7: 106 | U7: 105.2 | V7: 104.5 | W7: 104.2 | X7: 103.6 | Y7: 103.9 | Z7: 104.5 | AA7: 105.3 | AB7: =SUM(D7:O7) -> 1277.6 | AC7: 100.4 | AD7: 106 | AE7: =SUM(Q7:R7) -> 212.9 | AF7: =SUM(U7:Z7,P7) -> 731.6 | AG7: =SUM(AB7:AF7) -> 2428.5
A8: Rural | B8: 2013 | C8: March | D8: 110.2 | E8: 108.8 | F8: 109.9 | G8: 105.6 | H8: 106.2 | I8: 105.7 | J8: 101.4 | K8: 105.7 | L8: 105 | M8: 103.3 | N8: 105.6 | O8: 108.2 | P8: 106.5 | Q8: 107.6 | R8: 106.8 | T8: 106.1 | U8: 105.6 | V8: 104.7 | W8: 104.6 | X8: 104 | Y8: 104.3 | Z8: 104.3 | AA8: 106 | AB8: =SUM(D8:O8) -> 1275.6 | AD8: 106.1 | AE8: =SUM(Q8:R8) -> 214.4 | AF8: =SUM(U8:Z8,P8) -> 734 | AG8: =SUM(AB8:AF8) -> 2330.1
A9: Urban | B9: 2013 | C9: March | D9: 113.9 | E9: 111.4 | F9: 113.2 | G9: 104.3 | H9: 102.7 | I9: 104.9 | J9: 103.8 | K9: 103.5 | L9: 102.6 | M9: 102.4 | N9: 107 | O9: 109.8 | P9: 106.8 | Q9: 107.2 | R9: 106 | S9: 100.4 | T9: 106 | U9: 105.7 | V9: 105.2 | W9: 105.5 | X9: 103.5 | Y9: 103.8 | Z9: 104.2 | AA9: 105 | AB9: =SUM(D9:O9) -> 1279.5 | AC9: 100.4 | AD9: 106 | AE9: =SUM(Q9:R9) -> 213.2 | AF9: =SUM(U9:Z9,P9) -> 734.7 | AG9: =SUM(AB9:AF9) -> 2433.8
A10: Rural+Urban | B10: 2013 | C10: March | D10: 111.4 | E10: 109.7 | F10: 111.2 | G10: 105.1 | H10: 104.9 | I10: 105.3 | J10: 102.2 | K10: 105 | L10: 104.2 | M10: 103 | N10: 106.2 | O10: 108.9 | P10: 106.6 | Q10: 107.4 | R10: 106.5 | S10: 100.4 | T10: 106.1 | U10: 105.6 | V10: 104.9 | W10: 105.1 | X10: 103.7 | Y10: 104 | Z10: 104.3 | AA10: 105.5 | AB10: =SUM(D10:O10) -> 1277.1 | AC10: 100.4 | AD10: 106.1 | AE10: =SUM(Q10:R10) -> 213.9 | AF10: =SUM(U10:Z10,P10) -> 734.2 | AG10: =SUM(AB10:AF10) -> 2431.7
A11: Rural | B11: 2013 | C11: April | D11: 110.2 | E11: 109.5 | F11: 106.9 | G11: 106.3 | H11: 105.7 | I11: 108.3 | J11: 103.4 | K11: 105.7 | L11: 104.2 | M11: 103.2 | N11: 106.5 | O11: 108.8 | P11: 107.1 | Q11: 108.1 | R11: 107.4 | T11: 106.5 | U11: 106.1 | V11: 105.1 | W11: 104.4 | X11: 104.5 | Y11: 104.8 | Z11: 102.7 | AA11: 106.4 | AB11: =SUM(D11:O11) -> 1278.7 | AD11: 106.5 | AE11: =SUM(Q11:R11) -> 215.5 | AF11: =SUM(U11:Z11,P11) -> 734.7 | AG11: =SUM(AB11:AF11) -> 2335.4
A12: Urban | B12: 2013 | C12: April | D12: 114.6 | E12: 113.4 | F12: 106 | G12: 104.7 | H12: 102.1 | I12: 109.5 | J12: 109.7 | K12: 104.6 | L12: 102 | M12: 103.5 | N12: 108.2 | O12: 110.6 | P12: 108.5 | Q12: 107.9 | R12: 106.4 | S12: 100.5 | T12: 106.4 | U12: 106.5 | V12: 105.7 | W12: 105 | X12: 104 | Y12: 105.2 | Z12: 103.2 | AA12: 105.7 | AB12: =SUM(D12:O12) -> 1288.9 | AC12: 100.5 | AD12: 106.4 | AE12: =SUM(Q12:R12) -> 214.3 | AF12: =SUM(U12:Z12,P12) -> 738.1 | AG12: =SUM(AB12:AF12) -> 2448.2
A13: Rural+Urban | B13: 2013 | C13: April | D13: 111.6 | E13: 110.9 | F13: 106.6 | G13: 105.7 | H13: 104.4 | I13: 108.9 | J13: 105.5 | K13: 105.3 | L13: 103.5 | M13: 103.3 | N13: 107.2 | O13: 109.6 | P13: 107.5 | Q13: 108 | R13: 107 | S13: 100.5 | T13: 106.5 | U13: 106.3 | V13: 105.3 | W13: 104.7 | X13: 104.2 | Y13: 105 | Z13: 102.9 | AA13: 106.1 | AB13: =SUM(D13:O13) -> 1282.5 | AC13: 100.5 | AD13: 106.5 | AE13: =SUM(Q13:R13) -> 215 | AF13: =SUM(U13:Z13,P13) -> 735.9 | AG13: =SUM(AB13:AF13) -> 2440.4
A14: Rural | B14: 2013 | C14: May | D14: 110.9 | E14: 109.8 | F14: 105.9 | G14: 107.5 | H14: 105.3 | I14: 108.1 | J14: 107.3 | K14: 106.1 | L14: 103.7 | M14: 104 | N14: 107.4 | O14: 109.9 | P14: 108.1 | Q14: 108.8 | R14: 107.9 | T14: 107.5 | U14: 106.8 | V14: 105.7 | W14: 104.1 | X14: 105 | Y14: 105.5 | Z14: 102.1 | AA14: 107.2 | AB14: =SUM(D14:O14) -> 1285.9 | AD14: 107.5 | AE14: =SUM(Q14:R14) -> 216.7 | AF14: =SUM(U14:Z14,P14) -> 737.3 | AG14: =SUM(AB14:AF14) -> 2347.4
A15: Urban | B15: 2013 | C15: May | D15: 115.4 | E15: 114.2 | F15: 102.7 | G15: 105.5 | H15: 101.5 | I15: 110.6 | J15: 123.7 | K15: 105.2 | L15: 101.9 | M15: 105 | N15: 109.1 | O15: 111.3 | P15: 109.8 | Q15: 108.5 | R15: 106.7 | S15: 100.5 | T15: 107.2 | U15: 107.1 | V15: 106.2 | W15: 103.9 | X15: 104.6 | Y15: 105.7 | Z15: 102.6 | AA15: 106.6 | AB15: =SUM(D15:O15) -> 1306.1 | AC15: 100.5 | AD15: 107.2 | AE15: =SUM(Q15:R15) -> 215.2 | AF15: =SUM(U15:Z15,P15) -> 739.9 | AG15: =SUM(AB15:AF15) -> 2468.9
A16: Rural+Urban | B16: 2013 | C16: May | D16: 112.3 | E16: 111.3 | F16: 104.7 | G16: 106.8 | H16: 103.9 | I16: 109.3 | J16: 112.9 | K16: 105.8 | L16: 103.1 | M16: 104.3 | N16: 108.1 | O16: 110.5 | P16: 108.6 | Q16: 108.7 | R16: 107.4 | S16: 100.5 | T16: 107.4 | U16: 106.9 | V16: 105.9 | W16: 104 | X16: 104.8 | Y16: 105.6 | Z16: 102.3 | AA16: 106.9 | AB16: =SUM(D16:O16) -> 1293 | AC16: 100.5 | AD16: 107.4 | AE16: =SUM(Q16:R16) -> 216.1 | AF16: =SUM(U16:Z16,P16) -> 738.1 | AG16: =SUM(AB16:AF16) -> 2455.1
A17: Rural | B17: 2013 | C17: June | D17: 112.3 | E17: 112.1 | F17: 108.1 | G17: 108.3 | H17: 105.9 | I17: 109.2 | J17: 118 | K17: 106.8 | L17: 104.1 | M17: 105.4 | N17: 108.2 | O17: 111 | P17: 109 | Q17: 109.7 | R17: 108.8 | T17: 108.5 | U17: 107.5 | V17: 106.3 | W17: 105 | X17: 105.6 | Y17: 106.5 | Z17: 102.5 | AA17: 108.9 | AB17: =SUM(D17:O17) -> 1309.4 | AD17: 108.5 | AE17: =SUM(Q17:R17) -> 218.5 | AF17: =SUM(U17:Z17,P17) -> 742.4 | AG17: =SUM(AB17:AF17) -> 2378.8
A18: Urban | B18: 2013 | C18: June | D18: 117 | E18: 120.1 | F18: 112.5 | G18: 107.3 | H18: 101.3 | I18: 112.4 | J18: 143.6 | K18: 105.4 | L18: 101.4 | M18: 106.4 | N18: 110 | O18: 112.2 | P18: 110.9 | Q18: 109.2 | R18: 107.2 | S18: 106.6 | T18: 108 | U18: 107.7 | V18: 106.5 | W18: 105.2 | X18: 105.2 | Y18: 108.1 | Z18: 103.3 | AA18: 109.7 | AB18: =SUM(D18:O18) -> 1349.6 | AC18: 106.6 | AD18: 108 | AE18: =SUM(Q18:R18) -> 216.4 | AF18: =SUM(U18:Z18,P18) -> 746.9 | AG18: =SUM(AB18:AF18) -> 2527.5
A19: Rural+Urban | B19: 2013 | C19: June | D19: 113.8 | E19: 114.9 | F19: 109.8 | G19: 107.9 | H19: 104.2 | I19: 110.7 | J19: 126.7 | K19: 106.3 | L19: 103.2 | M19: 105.7 | N19: 109 | O19: 111.6 | P19: 109.5 | Q19: 109.5 | R19: 108.1 | S19: 106.6 | T19: 108.3 | U19: 107.6 | V19: 106.4 | W19: 105.1 | X19: 105.4 | Y19: 107.4 | Z19: 102.8 | AA19: 109.3 | AB19: =SUM(D19:O19) -> 1323.8 | AC19: 106.6 | AD19: 108.3 | AE19: =SUM(Q19:R19) -> 217.6 | AF19: =SUM(U19:Z19,P19) -> 744.2 | AG19: =SUM(AB19:AF19) -> 2500.5
A20: Rural | B20: 2013 | C20: July | D20: 113.4 | E20: 114.9 | F20: 110.5 | G20: 109.3 | H20: 106.2 | I20: 110.3 | J20: 129.2 | K20: 107.1 | L20: 104.3 | M20: 106.4 | N20: 109.1 | O20: 112.1 | P20: 109.8 | Q20: 110.5 | R20: 109.5 | T20: 109.5 | U20: 108.3 | V20: 106.9 | W20: 106.8 | X20: 106.4 | Y20: 107.8 | Z20: 102.5 | AA20: 110.7 | AB20: =SUM(D20:O20) -> 1332.8 | AD20: 109.5 | AE20: =SUM(Q20:R20) -> 220 | AF20: =SUM(U20:Z20,P20) -> 748.5 | AG20: =SUM(AB20:AF20) -> 2410.8
A21: Urban | B21: 2013 | C21: July | D21: 117.8 | E21: 119.2 | F21: 114 | G21: 108.3 | H21: 101.1 | I21: 113.2 | J21: 160.9 | K21: 105.1 | L21: 101.3 | M21: 107.5 | N21: 110.4 | O21: 113.1 | P21: 111.7 | Q21: 109.8 | R21: 107.8 | S21: 107.7 | T21: 108.6 | U21: 108.1 | V21: 107.1 | W21: 107.3 | X21: 105.9 | Y21: 110.1 | Z21: 103.2 | AA21: 111.4 | AB21: =SUM(D21:O21) -> 1371.9 | AC21: 107.7 | AD21: 108.6 | AE21: =SUM(Q21:R21) -> 217.6 | AF21: =SUM(U21:Z21,P21) -> 753.4 | AG21: =SUM(AB21:AF21) -> 2559.2
A22: Rural+Urban | B22: 2013 | C22: July | D22: 114.8 | E22: 116.4 | F22: 111.9 | G22: 108.9 | H22: 104.3 | I22: 111.7 | J22: 140 | K22: 106.4 | L22: 103.3 | M22: 106.8 | N22: 109.6 | O22: 112.6 | P22: 110.3 | Q22: 110.2 | R22: 108.8 | S22: 107.7 | T22: 109.2 | U22: 108.2 | V22: 107 | W22: 107.1 | X22: 106.1 | Y22: 109.1 | Z22: 102.8 | AA22: 111 | AB22: =SUM(D22:O22) -> 1346.7 | AC22: 107.7 | AD22: 109.2 | AE22: =SUM(Q22:R22) -> 219 | AF22: =SUM(U22:Z22,P22) -> 750.6 | AG22: =SUM(AB22:AF22) -> 2533.2
A23: Rural | B23: 2013 | C23: August | D23: 114.3 | E23: 115.4 | F23: 111.1 | G23: 110 | H23: 106.4 | I23: 110.8 | J23: 138.9 | K23: 107.4 | L23: 104.1 | M23: 106.9 | N23: 109.7 | O23: 112.6 | P23: 110.7 | Q23: 111.3 | R23: 110.2 | T23: 109.9 | U23: 108.7 | V23: 107.5 | W23: 107.8 | X23: 106.8 | Y23: 108.7 | Z23: 105 | AA23: 112.1 | AB23: =SUM(D23:O23) -> 1347.6 | AD23: 109.9 | AE23: =SUM(Q23:R23) -> 221.5 | AF23: =SUM(U23:Z23,P23) -> 755.2 | AG23: =SUM(AB23:AF23) -> 2434.2
A24: Urban | B24: 2013 | C24: August | D24: 118.3 | E24: 120.4 | F24: 112.7 | G24: 108.9 | H24: 101.1 | I24: 108.7 | J24: 177 | K24: 104.7 | L24: 101 | M24: 108.5 | N24: 110.9 | O24: 114.3 | P24: 112.4 | Q24: 110.6 | R24: 108.3 | S24: 108.9 | T24: 109.3 | U24: 108.7 | V24: 107.6 | W24: 108.1 | X24: 106.5 | Y24: 110.8 | Z24: 106 | AA24: 112.7 | AB24: =SUM(D24:O24) -> 1386.5 | AC24: 108.9 | AD24: 109.3 | AE24: =SUM(Q24:R24) -> 218.9 | AF24: =SUM(U24:Z24,P24) -> 760.1 | AG24: =SUM(AB24:AF24) -> 2583.7
A25: Rural+Urban | B25: 2013 | C25: August | D25: 115.6 | E25: 117.2 | F25: 111.7 | G25: 109.6 | H25: 104.5 | I25: 109.8 | J25: 151.8 | K25: 106.5 | L25: 103.1 | M25: 107.4 | N25: 110.2 | O25: 113.4 | P25: 111.2 | Q25: 111 | R25: 109.4 | S25: 108.9 | T25: 109.7 | U25: 108.7 | V25: 107.5 | W25: 108 | X25: 106.6 | Y25: 109.9 | Z25: 105.4 | AA25: 112.4 | AB25: =SUM(D25:O25) -> 1360.8 | AC25: 108.9 | AD25: 109.7 | AE25: =SUM(Q25:R25) -> 220.4 | AF25: =SUM(U25:Z25,P25) -> 757.3 | AG25: =SUM(AB25:AF25) -> 2557.1
A26: Rural | B26: 2013 | C26: September | D26: 115.4 | E26: 115.7 | F26: 111.7 | G26: 111 | H26: 107.4 | I26: 110.9 | J26: 154 | K26: 108.1 | L26: 104.2 | M26: 107.9 | N26: 110.4 | O26: 114 | P26: 111.7 | Q26: 112.7 | R26: 111.4 | T26: 111.1 | U26: 109.6 | V26: 108.3 | W26: 109.3 | X26: 107.7 | Y26: 109.8 | Z26: 106.7 | AA26: 114.2 | AB26: =SUM(D26:O26) -> 1370.7 | AD26: 111.1 | AE26: =SUM(Q26:R26) -> 224.1 | AF26: =SUM(U26:Z26,P26) -> 763.1 | AG26: =SUM(AB26:AF26) -> 2469
A27: Urban | B27: 2013 | C27: September | D27: 118.6 | E27: 119.1 | F27: 113.2 | G27: 109.6 | H27: 101.7 | I27: 103.2 | J27: 174.3 | K27: 105.1 | L27: 100.8 | M27: 109.1 | N27: 111.1 | O27: 115.4 | P27: 112.9 | Q27: 111.4 | R27: 109 | S27: 109.7 | T27: 109.5 | U27: 109.6 | V27: 107.9 | W27: 110.4 | X27: 107.4 | Y27: 111.2 | Z27: 106.9 | AA27: 113.2 | AB27: =SUM(D27:O27) -> 1381.2 | AC27: 109.7 | AD27: 109.5 | AE27: =SUM(Q27:R27) -> 220.4 | AF27: =SUM(U27:Z27,P27) -> 766.3 | AG27: =SUM(AB27:AF27) -> 2587.1
A28: Rural+Urban | B28: 2013 | C28: September | D28: 116.4 | E28: 116.9 | F28: 112.3 | G28: 110.5 | H28: 105.3 | I28: 107.3 | J28: 160.9 | K28: 107.1 | L28: 103.1 | M28: 108.3 | N28: 110.7 | O28: 114.6 | P28: 112 | Q28: 112.2 | R28: 110.4 | S28: 109.7 | T28: 110.5 | U28: 109.6 | V28: 108.1 | W28: 109.9 | X28: 107.5 | Y28: 110.6 | Z28: 106.8 | AA28: 113.7 | AB28: =SUM(D28:O28) -> 1373.4 | AC28: 109.7 | AD28: 110.5 | AE28: =SUM(Q28:R28) -> 222.6 | AF28: =SUM(U28:Z28,P28) -> 764.5 | AG28: =SUM(AB28:AF28) -> 2580.7
A29: Rural | B29: 2013 | C29: October | D29: 116.3 | E29: 115.4 | F29: 112.6 | G29: 111.7 | H29: 107.7 | I29: 113.2 | J29: 164.9 | K29: 108.3 | L29: 103.9 | M29: 108.2 | N29: 111.1 | O29: 114.9 | P29: 112.2 | Q29: 113.6 | R29: 112.3 | T29: 111.6 | U29: 110.4 | V29: 108.9 | W29: 109.3 | X29: 108.3 | Y29: 110.2 | Z29: 107.5 | AA29: 115.5 | AB29: =SUM(D29:O29) -> 1388.2 | AD29: 111.6 | AE29: =SUM(Q29:R29) -> 225.9 | AF29: =SUM(U29:Z29,P29) -> 766.8 | AG29: =SUM(AB29:AF29) -> 2492.5
A30: Urban | B30: 2013 | C30: October | D30: 118.9 | E30: 118.1 | F30: 114.5 | G30: 110.4 | H30: 102.3 | I30: 106.2 | J30: 183.5 | K30: 105.3 | L30: 100.2 | M30: 109.6 | N30: 111.4 | O30: 116 | P30: 113.5 | Q30: 112.5 | R30: 109.7 | S30: 110.5 | T30: 109.7 | U30: 110.2 | V30: 108.2 | W30: 109.7 | X30: 108 | Y30: 111.3 | Z30: 107.3 | AA30: 114 | AB30: =SUM(D30:O30) -> 1396.4 | AC30: 110.5 | AD30: 109.7 | AE30: =SUM(Q30:R30) -> 222.2 | AF30: =SUM(U30:Z30,P30) -> 768.2 | AG30: =SUM(AB30:AF30) -> 2607
A31: Rural+Urban | B31: 2013 | C31: October | D31: 117.1 | E31: 116.3 | F31: 113.3 | G31: 111.2 | H31: 105.7 | I31: 109.9 | J31: 171.2 | K31: 107.3 | L31: 102.7 | M31: 108.7 | N31: 111.2 | O31: 115.4 | P31: 112.5 | Q31: 113.2 | R31: 111.2 | S31: 110.5 | T31: 110.9 | U31: 110.3 | V31: 108.6 | W31: 109.5 | X31: 108.1 | Y31: 110.8 | Z31: 107.4 | AA31: 114.8 | AB31: =SUM(D31:O31) -> 1390 | AC31: 110.5 | AD31: 110.9 | AE31: =SUM(Q31:R31) -> 224.4 | AF31: =SUM(U31:Z31,P31) -> 767.2 | AG31: =SUM(AB31:AF31) -> 2603
A32: Rural | B32: 2013 | C32: November | D32: 117.3 | E32: 114.9 | F32: 116.2 | G32: 112.8 | H32: 108.9 | I32: 116.6 | J32: 178.1 | K32: 109.1 | L32: 103.6 | M32: 109 | N32: 111.8 | O32: 116 | P32: 112.8 | Q32: 114.6 | R32: 113.1 | T32: 112.6 | U32: 111.3 | V32: 109.7 | W32: 109.6 | X32: 108.7 | Y32: 111 | Z32: 108.2 | AA32: 117.4 | AB32: =SUM(D32:O32) -> 1414.3 | AD32: 112.6 | AE32: =SUM(Q32:R32) -> 227.7 | AF32: =SUM(U32:Z32,P32) -> 771.3 | AG32: =SUM(AB32:AF32) -> 2525.9
A33: Urban | B33: 2013 | C33: November | D33: 119.8 | E33: 116.3 | F33: 122.6 | G33: 112 | H33: 103.2 | I33: 110 | J33: 192.8 | K33: 106.3 | L33: 99.5 | M33: 110.3 | N33: 111.8 | O33: 117.1 | P33: 114.1 | Q33: 113.5 | R33: 110.3 | S33: 111.1 | T33: 110 | U33: 110.9 | V33: 108.6 | W33: 109.5 | X33: 108.5 | Y33: 111.3 | Z33: 107.9 | AA33: 115 | AB33: =SUM(D33:O33) -> 1421.7 | AC33: 111.1 | AD33: 110 | AE33: =SUM(Q33:R33) -> 223.8 | AF33: =SUM(U33:Z33,P33) -> 770.8 | AG33: =SUM(AB33:AF33) -> 2637.4
A34: Rural+Urban | B34: 2013 | C34: November | D34: 118.1 | E34: 115.4 | F34: 118.7 | G34: 112.5 | H34: 106.8 | I34: 113.5 | J34: 183.1 | K34: 108.2 | L34: 102.2 | M34: 109.4 | N34: 111.8 | O34: 116.5 | P34: 113.1 | Q34: 114.2 | R34: 111.9 | S34: 111.1 | T34: 111.6 | U34: 111.1 | V34: 109.3 | W34: 109.5 | X34: 108.6 | Y34: 111.2 | Z34: 108.1 | AA34: 116.3 | AB34: =SUM(D34:O34) -> 1416.2 | AC34: 111.1 | AD34: 111.6 | AE34: =SUM(Q34:R34) -> 226.1 | AF34: =SUM(U34:Z34,P34) -> 770.9 | AG34: =SUM(AB34:AF34) -> 2635.9
A35: Rural | B35: 2013 | C35: December | D35: 118.4 | E35: 115.9 | F35: 120.4 | G35: 113.8 | H35: 109.5 | I35: 115.5 | J35: 145.7 | K35: 109.5 | L35: 102.9 | M35: 109.8 | N35: 112.1 | O35: 116.8 | P35: 113.6 | Q35: 115.8 | R35: 114 | T35: 112.8 | U35: 112.1 | V35: 110.1 | W35: 109.9 | X35: 109.2 | Y35: 111.6 | Z35: 108.1 | AA35: 115.5 | AB35: =SUM(D35:O35) -> 1390.3 | AD35: 112.8 | AE35: =SUM(Q35:R35) -> 229.8 | AF35: =SUM(U35:Z35,P35) -> 774.6 | AG35: =SUM(AB35:AF35) -> 2507.5
A36: Urban | B36: 2013 | C36: December | D36: 120.5 | E36: 118.1 | F36: 128.5 | G36: 112.8 | H36: 103.4 | I36: 110.7 | J36: 144.8 | K36: 107.1 | L36: 98.6 | M36: 111.9 | N36: 112.1 | O36: 118.1 | P36: 115 | Q36: 114.2 | R36: 110.9 | S36: 110.7 | T36: 110.4 | U36: 111.3 | V36: 109 | W36: 109.7 | X36: 108.9 | Y36: 111.4 | Z36: 107.7 | AA36: 113.3 | AB36: =SUM(D36:O36) -> 1386.6 | AC36: 110.7 | AD36: 110.4 | AE36: =SUM(Q36:R36) -> 225.1 | AF36: =SUM(U36:Z36,P36) -> 773 | AG36: =SUM(AB36:AF36) -> 2605.8
A37: Rural+Urban | B37: 2013 | C37: December | D37: 119.1 | E37: 116.7 | F37: 123.5 | G37: 113.4 | H37: 107.3 | I37: 113.3 | J37: 145.4 | K37: 108.7 | L37: 101.5 | M37: 110.5 | N37: 112.1 | O37: 117.4 | P37: 114 | Q37: 115.2 | R37: 112.7 | S37: 110.7 | T37: 111.9 | U37: 111.7 | V37: 109.7 | W37: 109.8 | X37: 109 | Y37: 111.5 | Z37: 107.9 | AA37: 114.5 | AB37: =SUM(D37:O37) -> 1388.9 | AC37: 110.7 | AD37: 111.9 | AE37: =SUM(Q37:R37) -> 227.9 | AF37: =SUM(U37:Z37,P37) -> 773.6 | AG37: =SUM(AB37:AF37) -> 2613
A38: Rural | B38: 2014 | C38: January | D38: 118.9 | E38: 117.1 | F38: 120.5 | G38: 114.4 | H38: 109 | I38: 115.5 | J38: 123.9 | K38: 109.6 | L38: 101.8 | M38: 110.2 | N38: 112.4 | O38: 117.3 | P38: 114 | Q38: 116.5 | R38: 114.5 | T38: 113 | U38: 112.6 | V38: 110.6 | W38: 110.5 | X38: 109.6 | Y38: 111.8 | Z38: 108.3 | AA38: 114.2 | AB38: =SUM(D38:O38) -> 1370.6 | AD38: 113 | AE38: =SUM(Q38:R38) -> 231 | AF38: =SUM(U38:Z38,P38) -> 777.4 | AG38: =SUM(AB38:AF38) -> 2492
A39: Urban | B39: 2014 | C39: January | D39: 121.2 | E39: 122 | F39: 129.9 | G39: 113.6 | H39: 102.9 | I39: 112.1 | J39: 118.9 | K39: 107.5 | L39: 96.9 | M39: 112.7 | N39: 112.1 | O39: 119 | P39: 115.7 | Q39: 114.8 | R39: 111.3 | S39: 111.6 | T39: 111 | U39: 111.9 | V39: 109.7 | W39: 110.8 | X39: 109.8 | Y39: 111.5 | Z39: 108 | AA39: 112.9 | AB39: =SUM(D39:O39) -> 1368.8 | AC39: 111.6 | AD39: 111 | AE39: =SUM(Q39:R39) -> 226.1 | AF39: =SUM(U39:Z39,P39) -> 777.4 | AG39: =SUM(AB39:AF39) -> 2594.9
A40: Rural+Urban | B40: 2014 | C40: January | D40: 119.6 | E40: 118.8 | F40: 124.1 | G40: 114.1 | H40: 106.8 | I40: 113.9 | J40: 122.2 | K40: 108.9 | L40: 100.2 | M40: 111 | N40: 112.3 | O40: 118.1 | P40: 114.5 | Q40: 115.8 | R40: 113.2 | S40: 111.6 | T40: 112.2 | U40: 112.3 | V40: 110.3 | W40: 110.7 | X40: 109.7 | Y40: 111.6 | Z40: 108.2 | AA40: 113.6 | AB40: =SUM(D40:O40) -> 1370 | AC40: 111.6 | AD40: 112.2 | AE40: =SUM(Q40:R40) -> 229 | AF40: =SUM(U40:Z40,P40) -> 777.3 | AG40: =SUM(AB40:AF40) -> 2600.1
A41: Rural | B41: 2014 | C41: February | D41: 119.4 | E41: 117.7 | F41: 121.2 | G41: 115 | H41: 109 | I41: 116.6 | J41: 116 | K41: 109.8 | L41: 101.1 | M41: 110.4 | N41: 112.9 | O41: 117.8 | P41: 114.2 | Q41: 117.1 | R41: 114.5 | T41: 113.2 | U41: 112.9 | V41: 110.9 | W41: 110.8 | X41: 109.9 | Y41: 112 | Z41: 108.7 | AA41: 114 | AB41: =SUM(D41:O41) -> 1366.9 | AD41: 113.2 | AE41: =SUM(Q41:R41) -> 231.6 | AF41: =SUM(U41:Z41,P41) -> 779.4 | AG41: =SUM(AB41:AF41) -> 2491.1
A42: Urban | B42: 2014 | C42: February | D42: 121.9 | E42: 122 | F42: 124.5 | G42: 115.2 | H42: 102.5 | I42: 114.1 | J42: 111.5 | K42: 108.2 | L42: 95.4 | M42: 113.5 | N42: 112.1 | O42: 119.9 | P42: 116.2 | Q42: 115.3 | R42: 111.7 | S42: 112.5 | T42: 111.1 | U42: 112.6 | V42: 110.4 | W42: 111.3 | X42: 110.3 | Y42: 111.6 | Z42: 108.7 | AA42: 113.1 | AB42: =SUM(D42:O42) -> 1360.8 | AC42: 112.5 | AD42: 111.1 | AE42: =SUM(Q42:R42) -> 227 | AF42: =SUM(U42:Z42,P42) -> 781.1 | AG42: =SUM(AB42:AF42) -> 2592.5
A43: Rural+Urban | B43: 2014 | C43: February | D43: 120.2 | E43: 119.2 | F43: 122.5 | G43: 115.1 | H43: 106.6 | I43: 115.4 | J43: 114.5 | K43: 109.3 | L43: 99.2 | M43: 111.4 | N43: 112.6 | O43: 118.8 | P43: 114.7 | Q43: 116.4 | R43: 113.3 | S43: 112.5 | T43: 112.4 | U43: 112.8 | V43: 110.7 | W43: 111.1 | X43: 110.1 | Y43: 111.8 | Z43: 108.7 | AA43: 113.6 | AB43: =SUM(D43:O43) -> 1364.8 | AC43: 112.5 | AD43: 112.4 | AE43: =SUM(Q43:R43) -> 229.7 | AF43: =SUM(U43:Z43,P43) -> 779.9 | AG43: =SUM(AB43:AF43) -> 2599.3
A44: Rural | B44: 2014 | C44: March | D44: 120.1 | E44: 118.1 | F44: 120.7 | G44: 116.1 | H44: 109.3 | I44: 119.6 | J44: 117.9 | K44: 110.2 | L44: 101.2 | M44: 110.7 | N44: 113 | O44: 118.3 | P44: 114.6 | Q44: 117.5 | R44: 114.9 | T44: 113.4 | U44: 113.4 | V44: 111.4 | W44: 111.2 | X44: 110.2 | Y44: 112.4 | Z44: 108.9 | AA44: 114.6 | AB44: =SUM(D44:O44) -> 1375.2 | AD44: 113.4 | AE44: =SUM(Q44:R44) -> 232.4 | AF44: =SUM(U44:Z44,P44) -> 782.1 | AG44: =SUM(AB44:AF44) -> 2503.1
A45: Urban | B45: 2014 | C45: March | D45: 122.1 | E45: 121.4 | F45: 121.5 | G45: 116.2 | H45: 102.8 | I45: 117.7 | J45: 113.3 | K45: 108.9 | L45: 96.3 | M45: 114.1 | N45: 112.2 | O45: 120.5 | P45: 116.7 | Q45: 115.8 | R45: 112.1 | S45: 113.2 | T45: 110.9 | U45: 113 | V45: 110.8 | W45: 111.6 | X45: 110.9 | Y45: 111.8 | Z45: 109.2 | AA45: 113.7 | AB45: =SUM(D45:O45) -> 1367 | AC45: 113.2 | AD45: 110.9 | AE45: =SUM(Q45:R45) -> 227.9 | AF45: =SUM(U45:Z45,P45) -> 784 | AG45: =SUM(AB45:AF45) -> 2603
A46: Rural+Urban | B46: 2014 | C46: March | D46: 120.7 | E46: 119.3 | F46: 121 | G46: 116.1 | H46: 106.9 | I46: 118.7 | J46: 116.3 | K46: 109.8 | L46: 99.6 | M46: 111.8 | N46: 112.7 | O46: 119.3 | P46: 115.2 | Q46: 116.8 | R46: 113.7 | S46: 113.2 | T46: 112.5 | U46: 113.2 | V46: 111.2 | W46: 111.4 | X46: 110.6 | Y46: 112 | Z46: 109 | AA46: 114.2 | AB46: =SUM(D46:O46) -> 1372.2 | AC46: 113.2 | AD46: 112.5 | AE46: =SUM(Q46:R46) -> 230.5 | AF46: =SUM(U46:Z46,P46) -> 782.6 | AG46: =SUM(AB46:AF46) -> 2611
A47: Rural | B47: 2014 | C47: April | D47: 120.2 | E47: 118.9 | F47: 118.1 | G47: 117 | H47: 109.7 | I47: 125.5 | J47: 120.5 | K47: 111 | L47: 102.6 | M47: 111.2 | N47: 113.5 | O47: 118.7 | P47: 115.4 | Q47: 118.1 | R47: 116.1 | T47: 113.4 | U47: 113.7 | V47: 111.8 | W47: 111.2 | X47: 110.5 | Y47: 113 | Z47: 108.9 | AA47: 115.4 | AB47: =SUM(D47:O47) -> 1386.9 | AD47: 113.4 | AE47: =SUM(Q47:R47) -> 234.2 | AF47: =SUM(U47:Z47,P47) -> 784.5 | AG47: =SUM(AB47:AF47) -> 2519
A48: Urban | B48: 2014 | C48: April | D48: 122.5 | E48: 121.7 | F48: 113.3 | G48: 117 | H48: 103.1 | I48: 126.7 | J48: 121.2 | K48: 111 | L48: 100.3 | M48: 115.3 | N48: 112.7 | O48: 121 | P48: 117.6 | Q48: 116.3 | R48: 112.5 | S48: 113.9 | T48: 110.9 | U48: 113.4 | V48: 111 | W48: 111.2 | X48: 111.2 | Y48: 112.5 | Z48: 109.1 | AA48: 114.7 | AB48: =SUM(D48:O48) -> 1385.8 | AC48: 113.9 | AD48: 110.9 | AE48: =SUM(Q48:R48) -> 228.8 | AF48: =SUM(U48:Z48,P48) -> 786 | AG48: =SUM(AB48:AF48) -> 2625.4
A49: Rural+Urban | B49: 2014 | C49: April | D49: 120.9 | E49: 119.9 | F49: 116.2 | G49: 117 | H49: 107.3 | I49: 126.1 | J49: 120.7 | K49: 111 | L49: 101.8 | M49: 112.6 | N49: 113.2 | O49: 119.8 | P49: 116 | Q49: 117.4 | R49: 114.6 | S49: 113.9 | T49: 112.5 | U49: 113.6 | V49: 111.5 | W49: 111.2 | X49: 110.9 | Y49: 112.7 | Z49: 109 | AA49: 115.1 | AB49: =SUM(D49:O49) -> 1386.5 | AC49: 113.9 | AD49: 112.5 | AE49: =SUM(Q49:R49) -> 232 | AF49: =SUM(U49:Z49,P49) -> 784.9 | AG49: =SUM(AB49:AF49) -> 2629.8
A50: Rural | B50: 2014 | C50: May | D50: 120.3 | E50: 120.2 | F50: 116.9 | G50: 118 | H50: 110.1 | I50: 126.3 | J50: 123.9 | K50: 111.5 | L50: 103.5 | M50: 111.6 | N50: 114.2 | O50: 119.2 | P50: 116.3 | Q50: 118.7 | R50: 116.8 | T50: 113.4 | U50: 114.1 | V50: 112.1 | W50: 111.4 | X50: 110.9 | Y50: 113.1 | Z50: 108.9 | AA50: 116 | AB50: =SUM(D50:O50) -> 1395.7 | AD50: 113.4 | AE50: =SUM(Q50:R50) -> 235.5 | AF50: =SUM(U50:Z50,P50) -> 786.8 | AG50: =SUM(AB50:AF50) -> 2531.4
A51: Urban | B51: 2014 | C51: May | D51: 122.7 | E51: 124.1 | F51: 114.2 | G51: 119.1 | H51: 103.5 | I51: 129.2 | J51: 127 | K51: 112.6 | L51: 101.3 | M51: 117 | N51: 112.9 | O51: 121.7 | P51: 118.3 | Q51: 116.8 | R51: 112.9 | S51: 114.3 | T51: 111.1 | U51: 114.1 | V51: 111.2 | W51: 111.3 | X51: 111.5 | Y51: 112.9 | Z51: 109.3 | AA51: 115.6 | AB51: =SUM(D51:O51) -> 1405.3 | AC51: 114.3 | AD51: 111.1 | AE51: =SUM(Q51:R51) -> 229.7 | AF51: =SUM(U51:Z51,P51) -> 788.6 | AG51: =SUM(AB51:AF51) -> 2649
A52: Rural+Urban | B52: 2014 | C52: May | D52: 121.1 | E52: 121.6 | F52: 115.9 | G52: 118.4 | H52: 107.7 | I52: 127.7 | J52: 125 | K52: 111.9 | L52: 102.8 | M52: 113.4 | N52: 113.7 | O52: 120.4 | P52: 116.8 | Q52: 118 | R52: 115.2 | S52: 114.3 | T52: 112.5 | U52: 114.1 | V52: 111.8 | W52: 111.3 | X52: 111.2 | Y52: 113 | Z52: 109.1 | AA52: 115.8 | AB52: =SUM(D52:O52) -> 1399.6 | AC52: 114.3 | AD52: 112.5 | AE52: =SUM(Q52:R52) -> 233.2 | AF52: =SUM(U52:Z52,P52) -> 787.3 | AG52: =SUM(AB52:AF52) -> 2646.9
A53: Rural | B53: 2014 | C53: June | D53: 120.7 | E53: 121.6 | F53: 116.1 | G53: 119.3 | H53: 110.3 | I53: 125.8 | J53: 129.3 | K53: 112.2 | L53: 103.6 | M53: 112.3 | N53: 114.9 | O53: 120.1 | P53: 117.3 | Q53: 119.7 | R53: 117.3 | T53: 114.4 | U53: 114.9 | V53: 112.8 | W53: 112.2 | X53: 111.4 | Y53: 114.3 | Z53: 108 | AA53: 117 | AB53: =SUM(D53:O53) -> 1406.2 | AD53: 114.4 | AE53: =SUM(Q53:R53) -> 237 | AF53: =SUM(U53:Z53,P53) -> 790.9 | AG53: =SUM(AB53:AF53) -> 2548.5
A54: Urban | B54: 2014 | C54: June | D54: 123.1 | E54: 125.9 | F54: 115.4 | G54: 120.4 | H54: 103.4 | I54: 131.2 | J54: 137.5 | K54: 112.8 | L54: 101.4 | M54: 118.3 | N54: 113.2 | O54: 122.4 | P54: 119 | Q54: 117.4 | R54: 113.2 | S54: 113.9 | T54: 111.2 | U54: 114.3 | V54: 111.4 | W54: 111.5 | X54: 111.8 | Y54: 115.1 | Z54: 108.7 | AA54: 116.4 | AB54: =SUM(D54:O54) -> 1425 | AC54: 113.9 | AD54: 111.2 | AE54: =SUM(Q54:R54) -> 230.6 | AF54: =SUM(U54:Z54,P54) -> 791.8 | AG54: =SUM(AB54:AF54) -> 2672.5
A55: Rural+Urban | B55: 2014 | C55: June | D55: 121.5 | E55: 123.1 | F55: 115.8 | G55: 119.7 | H55: 107.8 | I55: 128.3 | J55: 132.1 | K55: 112.4 | L55: 102.9 | M55: 114.3 | N55: 114.2 | O55: 121.2 | P55: 117.8 | Q55: 118.8 | R55: 115.6 | S55: 113.9 | T55: 113.2 | U55: 114.6 | V55: 112.3 | W55: 111.8 | X55: 111.6 | Y55: 114.8 | Z55: 108.3 | AA55: 116.7 | AB55: =SUM(D55:O55) -> 1413.3 | AC55: 113.9 | AD55: 113.2 | AE55: =SUM(Q55:R55) -> 234.4 | AF55: =SUM(U55:Z55,P55) -> 791.2 | AG55: =SUM(AB55:AF55) -> 2666
A56: Rural | B56: 2014 | C56: July | D56: 121.7 | E56: 122.5 | F56: 117.7 | G56: 120.6 | H56: 110.4 | I56: 129.1 | J56: 150.1 | K56: 113.2 | L56: 104.8 | M56: 113.3 | N56: 115.6 | O56: 120.9 | P56: 118 | Q56: 120.7 | R56: 118.3 | T56: 115.3 | U56: 115.4 | V56: 113.4 | W56: 113.2 | X56: 111.8 | Y56: 115.5 | Z56: 108.8 | AA56: 119.5 | AB56: =SUM(D56:O56) -> 1439.9 | AD56: 115.3 | AE56: =SUM(Q56:R56) -> 239 | AF56: =SUM(U56:Z56,P56) -> 796.1 | AG56: =SUM(AB56:AF56) -> 2590.3
A57: Urban | B57: 2014 | C57: July | D57: 123.8 | E57: 126.4 | F57: 118 | G57: 121.6 | H57: 103.5 | I57: 133.7 | J57: 172.4 | K57: 113.1 | L57: 102.7 | M57: 120 | N57: 113.8 | O57: 123.4 | P57: 121 | Q57: 118 | R57: 113.6 | S57: 114.8 | T57: 111.6 | U57: 114.9 | V57: 111.5 | W57: 113 | X57: 112.4 | Y57: 117.8 | Z57: 109.7 | AA57: 118.9 | AB57: =SUM(D57:O57) -> 1472.4 | AC57: 114.8 | AD57: 111.6 | AE57: =SUM(Q57:R57) -> 231.6 | AF57: =SUM(U57:Z57,P57) -> 800.3 | AG57: =SUM(AB57:AF57) -> 2730.7
A58: Rural+Urban | B58: 2014 | C58: July | D58: 122.4 | E58: 123.9 | F58: 117.8 | G58: 121 | H58: 107.9 | I58: 131.2 | J58: 157.7 | K58: 113.2 | L58: 104.1 | M58: 115.5 | N58: 114.8 | O58: 122.1 | P58: 118.8 | Q58: 119.6 | R58: 116.3 | S58: 114.8 | T58: 113.9 | U58: 115.2 | V58: 112.7 | W58: 113.1 | X58: 112.1 | Y58: 116.8 | Z58: 109.2 | AA58: 119.2 | AB58: =SUM(D58:O58) -> 1451.6 | AC58: 114.8 | AD58: 113.9 | AE58: =SUM(Q58:R58) -> 235.9 | AF58: =SUM(U58:Z58,P58) -> 797.9 | AG58: =SUM(AB58:AF58) -> 2714.1
A59: Rural | B59: 2014 | C59: August | D59: 121.8 | E59: 122.8 | F59: 117.8 | G59: 121.9 | H59: 110.6 | I59: 129.7 | J59: 161.1 | K59: 114.1 | L59: 105.1 | M59: 114.6 | N59: 115.8 | O59: 121.7 | P59: 118.8 | Q59: 120.9 | R59: 118.8 | T59: 115.4 | U59: 115.9 | V59: 114 | W59: 113.2 | X59: 112.2 | Y59: 116.2 | Z59: 109.4 | AA59: 120.7 | AB59: =SUM(D59:O59) -> 1457 | AD59: 115.4 | AE59: =SUM(Q59:R59) -> 239.7 | AF59: =SUM(U59:Z59,P59) -> 799.7 | AG59: =SUM(AB59:AF59) -> 2611.8
A60: Urban | B60: 2014 | C60: August | D60: 124.8 | E60: 127.3 | F60: 116.5 | G60: 122.2 | H60: 103.6 | I60: 132.7 | J60: 181.9 | K60: 115.2 | L60: 102.7 | M60: 122.1 | N60: 114.4 | O60: 124.7 | P60: 123 | Q60: 118.6 | R60: 114.1 | S60: 115.5 | T60: 111.8 | U60: 115.3 | V60: 112.2 | W60: 112.5 | X60: 112.9 | Y60: 119.2 | Z60: 110.5 | AA60: 119.9 | AB60: =SUM(D60:O60) -> 1488.1 | AC60: 115.5 | AD60: 111.8 | AE60: =SUM(Q60:R60) -> 232.7 | AF60: =SUM(U60:Z60,P60) -> 805.6 | AG60: =SUM(AB60:AF60) -> 2753.7
A61: Rural+Urban | B61: 2014 | C61: August | D61: 122.7 | E61: 124.4 | F61: 117.3 | G61: 122 | H61: 108 | I61: 131.1 | J61: 168.2 | K61: 114.5 | L61: 104.3 | M61: 117.1 | N61: 115.2 | O61: 123.1 | P61: 119.9 | Q61: 120 | R61: 116.8 | S61: 115.5 | T61: 114 | U61: 115.6 | V61: 113.3 | W61: 112.8 | X61: 112.6 | Y61: 118 | Z61: 109.9 | AA61: 120.3 | AB61: =SUM(D61:O61) -> 1467.9 | AC61: 115.5 | AD61: 114 | AE61: =SUM(Q61:R61) -> 236.8 | AF61: =SUM(U61:Z61,P61) -> 802.1 | AG61: =SUM(AB61:AF61) -> 2736.3
A62: Rural | B62: 2014 | C62: September | D62: 122.3 | E62: 122.4 | F62: 117.8 | G62: 122.7 | H62: 110.4 | I62: 129.8 | J62: 158.8 | K62: 115 | L62: 104.7 | M62: 114.9 | N62: 116.5 | O62: 122.6 | P62: 119.5 | Q62: 121.7 | R62: 119.2 | T62: 115.8 | U62: 116.7 | V62: 114.5 | W62: 112.8 | X62: 112.6 | Y62: 116.6 | Z62: 109.1 | AA62: 120.9 | AB62: =SUM(D62:O62) -> 1457.9 | AD62: 115.8 | AE62: =SUM(Q62:R62) -> 240.9 | AF62: =SUM(U62:Z62,P62) -> 801.8 | AG62: =SUM(AB62:AF62) -> 2616.4
A63: Urban | B63: 2014 | C63: September | D63: 124.2 | E63: 125.4 | F63: 116.4 | G63: 122.7 | H63: 103.5 | I63: 124.5 | J63: 168.6 | K63: 116.9 | L63: 101.9 | M63: 122.9 | N63: 114.8 | O63: 125.2 | P63: 124.3 | Q63: 119.2 | R63: 114.5 | S63: 116.1 | T63: 111.8 | U63: 115.5 | V63: 112.3 | W63: 111.2 | X63: 113.4 | Y63: 120 | Z63: 110 | AA63: 119.2 | AB63: =SUM(D63:O63) -> 1467 | AC63: 116.1 | AD63: 111.8 | AE63: =SUM(Q63:R63) -> 233.7 | AF63: =SUM(U63:Z63,P63) -> 806.7 | AG63: =SUM(AB63:AF63) -> 2735.3
A64: Rural+Urban | B64: 2014 | C64: September | D64: 122.9 | E64: 123.5 | F64: 117.3 | G64: 122.7 | H64: 107.9 | I64: 127.3 | J64: 162.1 | K64: 115.6 | L64: 103.8 | M64: 117.6 | N64: 115.8 | O64: 123.8 | P64: 120.8 | Q64: 120.7 | R64: 117.2 | S64: 116.1 | T64: 114.3 | U64: 116.1 | V64: 113.7 | W64: 112 | X64: 113.1 | Y64: 118.6 | Z64: 109.5 | AA64: 120.1 | AB64: =SUM(D64:O64) -> 1460.3 | AC64: 116.1 | AD64: 114.3 | AE64: =SUM(Q64:R64) -> 237.9 | AF64: =SUM(U64:Z64,P64) -> 803.8 | AG64: =SUM(AB64:AF64) -> 2732.4
A65: Rural | B65: 2014 | C65: October | D65: 122.6 | E65: 122.5 | F65: 118.3 | G65: 123.2 | H65: 110.5 | I65: 128.9 | J65: 155.3 | K65: 115.5 | L65: 104 | M65: 115.3 | N65: 116.8 | O65: 123.2 | P65: 120 | Q65: 122.7 | R65: 120.3 | T65: 116.4 | U65: 117.5 | V65: 115.3 | W65: 112.6 | X65: 113 | Y65: 116.9 | Z65: 109.3 | AA65: 121 | AB65: =SUM(D65:O65) -> 1456.1 | AD65: 116.4 | AE65: =SUM(Q65:R65) -> 243 | AF65: =SUM(U65:Z65,P65) -> 804.6 | AG65: =SUM(AB65:AF65) -> 2620.1
A66: Urban | B66: 2014 | C66: October | D66: 124.6 | E66: 126.1 | F66: 117.8 | G66: 123.1 | H66: 103.5 | I66: 123.5 | J66: 159.6 | K66: 117.4 | L66: 101.2 | M66: 123.8 | N66: 115.2 | O66: 125.9 | P66: 124.3 | Q66: 119.6 | R66: 114.9 | S66: 116.7 | T66: 112 | U66: 115.8 | V66: 112.6 | W66: 111 | X66: 113.6 | Y66: 120.2 | Z66: 110.1 | AA66: 119.1 | AB66: =SUM(D66:O66) -> 1461.7 | AC66: 116.7 | AD66: 112 | AE66: =SUM(Q66:R66) -> 234.5 | AF66: =SUM(U66:Z66,P66) -> 807.6 | AG66: =SUM(AB66:AF66) -> 2732.5
A67: Rural+Urban | B67: 2014 | C67: October | D67: 123.2 | E67: 123.8 | F67: 118.1 | G67: 123.2 | H67: 107.9 | I67: 126.4 | J67: 156.8 | K67: 116.1 | L67: 103.1 | M67: 118.1 | N67: 116.1 | O67: 124.5 | P67: 121.1 | Q67: 121.5 | R67: 118.1 | S67: 116.7 | T67: 114.7 | U67: 116.7 | V67: 114.3 | W67: 111.8 | X67: 113.3 | Y67: 118.8 | Z67: 109.6 | AA67: 120.1 | AB67: =SUM(D67:O67) -> 1457.3 | AC67: 116.7 | AD67: 114.7 | AE67: =SUM(Q67:R67) -> 239.6 | AF67: =SUM(U67:Z67,P67) -> 805.6 | AG67: =SUM(AB67:AF67) -> 2733.9
A68: Rural | B68: 2014 | C68: November | D68: 122.7 | E68: 122.6 | F68: 119.9 | G68: 124 | H68: 110.5 | I68: 128.8 | J68: 152 | K68: 116.2 | L68: 103.3 | M68: 115.8 | N68: 116.8 | O68: 124.5 | P68: 120.8 | Q68: 123.3 | R68: 120.5 | T68: 117.3 | U68: 118.1 | V68: 115.9 | W68: 112 | X68: 113.3 | Y68: 117.2 | Z68: 108.8 | AA68: 121.1 | AB68: =SUM(D68:O68) -> 1457.1 | AD68: 117.3 | AE68: =SUM(Q68:R68) -> 243.8 | AF68: =SUM(U68:Z68,P68) -> 806.1 | AG68: =SUM(AB68:AF68) -> 2624.3
A69: Urban | B69: 2014 | C69: November | D69: 124.5 | E69: 125.6 | F69: 122.7 | G69: 124.6 | H69: 103.2 | I69: 122.2 | J69: 153.2 | K69: 119.3 | L69: 99.8 | M69: 124.6 | N69: 115.8 | O69: 126.9 | P69: 125.8 | Q69: 120.3 | R69: 115.4 | S69: 117.1 | T69: 112.6 | U69: 116.4 | V69: 113 | W69: 109.7 | X69: 114 | Y69: 120.3 | Z69: 109.6 | AA69: 119 | AB69: =SUM(D69:O69) -> 1462.4 | AC69: 117.1 | AD69: 112.6 | AE69: =SUM(Q69:R69) -> 235.7 | AF69: =SUM(U69:Z69,P69) -> 808.8 | AG69: =SUM(AB69:AF69) -> 2736.6
A70: Rural+Urban | B70: 2014 | C70: November | D70: 123.3 | E70: 123.7 | F70: 121 | G70: 124.2 | H70: 107.8 | I70: 125.7 | J70: 152.4 | K70: 117.2 | L70: 102.1 | M70: 118.7 | N70: 116.4 | O70: 125.6 | P70: 122.1 | Q70: 122.1 | R70: 118.4 | S70: 117.1 | T70: 115.5 | U70: 117.3 | V70: 114.8 | W70: 110.8 | X70: 113.7 | Y70: 119 | Z70: 109.1 | AA70: 120.1 | AB70: =SUM(D70:O70) -> 1458.1 | AC70: 117.1 | AD70: 115.5 | AE70: =SUM(Q70:R70) -> 240.5 | AF70: =SUM(U70:Z70,P70) -> 806.8 | AG70: =SUM(AB70:AF70) -> 2738
A71: Rural | B71: 2014 | C71: December | D71: 122.4 | E71: 122.4 | F71: 121.8 | G71: 124.2 | H71: 110.2 | I71: 128.6 | J71: 140.3 | K71: 116.3 | L71: 102 | M71: 116 | N71: 117.3 | O71: 124.8 | P71: 121.7 | Q71: 123.8 | R71: 120.6 | T71: 117.4 | U71: 118.2 | V71: 116.2 | W71: 111.5 | X71: 113.3 | Y71: 117.7 | Z71: 109.4 | AA71: 120.3 | AB71: =SUM(D71:O71) -> 1446.3 | AD71: 117.4 | AE71: =SUM(Q71:R71) -> 244.4 | AF71: =SUM(U71:Z71,P71) -> 808 | AG71: =SUM(AB71:AF71) -> 2616.1
A72: Urban | B72: 2014 | C72: December | D72: 124 | E72: 124.7 | F72: 126.3 | G72: 124.9 | H72: 103 | I72: 122.3 | J72: 141 | K72: 120.1 | L72: 97.8 | M72: 125.4 | N72: 116.1 | O72: 127.6 | P72: 126.4 | Q72: 120.7 | R72: 115.8 | S72: 116.5 | T72: 113 | U72: 116.8 | V72: 113.2 | W72: 108.8 | X72: 114.3 | Y72: 120.7 | Z72: 110.4 | AA72: 118.4 | AB72: =SUM(D72:O72) -> 1453.2 | AC72: 116.5 | AD72: 113 | AE72: =SUM(Q72:R72) -> 236.5 | AF72: =SUM(U72:Z72,P72) -> 810.6 | AG72: =SUM(AB72:AF72) -> 2729.8
A73: Rural+Urban | B73: 2014 | C73: December | D73: 122.9 | E73: 123.2 | F73: 123.5 | G73: 124.5 | H73: 107.6 | I73: 125.7 | J73: 140.5 | K73: 117.6 | L73: 100.6 | M73: 119.1 | N73: 116.8 | O73: 126.1 | P73: 123 | Q73: 122.6 | R73: 118.6 | S73: 116.5 | T73: 115.7 | U73: 117.5 | V73: 115.1 | W73: 110.1 | X73: 113.9 | Y73: 119.5 | Z73: 109.8 | AA73: 119.4 | AB73: =SUM(D73:O73) -> 1448.1 | AC73: 116.5 | AD73: 115.7 | AE73: =SUM(Q73:R73) -> 241.2 | AF73: =SUM(U73:Z73,P73) -> 808.9 | AG73: =SUM(AB73:AF73) -> 2730.4
A74: Rural | B74: 2015 | C74: January | D74: 123.1 | E74: 123.1 | F74: 122.1 | G74: 124.9 | H74: 111 | I74: 130.4 | J74: 132.3 | K74: 117.2 | L74: 100.5 | M74: 117.2 | N74: 117.9 | O74: 125.6 | P74: 122.7 | Q74: 124.4 | R74: 121.6 | T74: 118.4 | U74: 118.9 | V74: 116.6 | W74: 111 | X74: 114 | Y74: 118.2 | Z74: 110.2 | AA74: 120.3 | AB74: =SUM(D74:O74) -> 1445.3 | AD74: 118.4 | AE74: =SUM(Q74:R74) -> 246 | AF74: =SUM(U74:Z74,P74) -> 811.6 | AG74: =SUM(AB74:AF74) -> 2621.3
A75: Urban | B75: 2015 | C75: January | D75: 124 | E75: 125.5 | F75: 126.6 | G75: 125.2 | H75: 104.3 | I75: 121.3 | J75: 134.4 | K75: 122.9 | L75: 96.1 | M75: 126.6 | N75: 116.5 | O75: 128 | P75: 127.4 | Q75: 121 | R75: 116.1 | S75: 117.3 | T75: 113.4 | U75: 117.2 | V75: 113.7 | W75: 107.9 | X75: 114.6 | Y75: 120.8 | Z75: 111.4 | AA75: 118.5 | AB75: =SUM(D75:O75) -> 1451.4 | AC75: 117.3 | AD75: 113.4 | AE75: =SUM(Q75:R75) -> 237.1 | AF75: =SUM(U75:Z75,P75) -> 813 | AG75: =SUM(AB75:AF75) -> 2732.2
A76: Rural+Urban | B76: 2015 | C76: January | D76: 123.4 | E76: 123.9 | F76: 123.8 | G76: 125 | H76: 108.5 | I76: 126.2 | J76: 133 | K76: 119.1 | L76: 99 | M76: 120.3 | N76: 117.3 | O76: 126.7 | P76: 124 | Q76: 123.1 | R76: 119.3 | S76: 117.3 | T76: 116.5 | U76: 118.1 | V76: 115.5 | W76: 109.4 | X76: 114.3 | Y76: 119.7 | Z76: 110.7 | AA76: 119.5 | AB76: =SUM(D76:O76) -> 1446.2 | AC76: 117.3 | AD76: 116.5 | AE76: =SUM(Q76:R76) -> 242.4 | AF76: =SUM(U76:Z76,P76) -> 811.7 | AG76: =SUM(AB76:AF76) -> 2734.1
A77: Rural | B77: 2015 | C77: February | D77: 123.4 | E77: 124.4 | F77: 122.1 | G77: 125.8 | H77: 111.5 | I77: 129.4 | J77: 128.2 | K77: 118.8 | L77: 100 | M77: 118.6 | N77: 118.8 | O77: 126.8 | P77: 124.2 | Q77: 125.4 | R77: 122.7 | T77: 120 | U77: 119.6 | V77: 117.7 | W77: 110.9 | X77: 114.8 | Y77: 118.7 | Z77: 110.8 | AA77: 120.6 | AB77: =SUM(D77:O77) -> 1447.8 | AD77: 120 | AE77: =SUM(Q77:R77) -> 248.1 | AF77: =SUM(U77:Z77,P77) -> 816.7 | AG77: =SUM(AB77:AF77) -> 2632.6
A78: Urban | B78: 2015 | C78: February | D78: 124.3 | E78: 126.5 | F78: 119.5 | G78: 125.6 | H78: 104.9 | I78: 121.6 | J78: 131.8 | K78: 125.1 | L78: 95 | M78: 127.7 | N78: 116.8 | O78: 128.6 | P78: 128.1 | Q78: 121.3 | R78: 116.5 | S78: 118.1 | T78: 114 | U78: 117.7 | V78: 114.1 | W78: 106.8 | X78: 114.9 | Y78: 120.4 | Z78: 111.7 | AA78: 118.7 | AB78: =SUM(D78:O78) -> 1447.4 | AC78: 118.1 | AD78: 114 | AE78: =SUM(Q78:R78) -> 237.8 | AF78: =SUM(U78:Z78,P78) -> 813.7 | AG78: =SUM(AB78:AF78) -> 2731
A79: Rural+Urban | B79: 2015 | C79: February | D79: 123.7 | E79: 125.1 | F79: 121.1 | G79: 125.7 | H79: 109.1 | I79: 125.8 | J79: 129.4 | K79: 120.9 | L79: 98.3 | M79: 121.6 | N79: 118 | O79: 127.6 | P79: 125.2 | Q79: 123.8 | R79: 120.1 | S79: 118.1 | T79: 117.7 | U79: 118.7 | V79: 116.3 | W79: 108.7 | X79: 114.9 | Y79: 119.7 | Z79: 111.2 | AA79: 119.7 | AB79: =SUM(D79:O79) -> 1446.3 | AC79: 118.1 | AD79: 117.7 | AE79: =SUM(Q79:R79) -> 243.9 | AF79: =SUM(U79:Z79,P79) -> 814.7 | AG79: =SUM(AB79:AF79) -> 2740.7
A80: Rural | B80: 2015 | C80: March | D80: 123.3 | E80: 124.7 | F80: 118.9 | G80: 126 | H80: 111.8 | I80: 130.9 | J80: 128 | K80: 119.9 | L80: 98.9 | M80: 119.4 | N80: 118.9 | O80: 127.7 | P80: 124.7 | Q80: 126 | R80: 122.9 | T80: 120.6 | U80: 120.2 | V80: 118.2 | W80: 111.6 | X80: 115.5 | Y80: 119.4 | Z80: 110.8 | AA80: 121.1 | AB80: =SUM(D80:O80) -> 1448.4 | AD80: 120.6 | AE80: =SUM(Q80:R80) -> 248.9 | AF80: =SUM(U80:Z80,P80) -> 820.4 | AG80: =SUM(AB80:AF80) -> 2638.3
A81: Urban | B81: 2015 | C81: March | D81: 124 | E81: 126.7 | F81: 113.5 | G81: 125.9 | H81: 104.8 | I81: 123.8 | J81: 131.4 | K81: 127.2 | L81: 93.2 | M81: 127.4 | N81: 117 | O81: 129.2 | P81: 128.8 | Q81: 121.7 | R81: 116.9 | S81: 118.6 | T81: 114.4 | U81: 118 | V81: 114.3 | W81: 108.4 | X81: 115.4 | Y81: 120.6 | Z81: 111.3 | AA81: 119.1 | AB81: =SUM(D81:O81) -> 1444.1 | AC81: 118.6 | AD81: 114.4 | AE81: =SUM(Q81:R81) -> 238.6 | AF81: =SUM(U81:Z81,P81) -> 816.8 | AG81: =SUM(AB81:AF81) -> 2732.5
A82: Rural+Urban | B82: 2015 | C82: March | D82: 123.5 | E82: 125.4 | F82: 116.8 | G82: 126 | H82: 109.2 | I82: 127.6 | J82: 129.2 | K82: 122.4 | L82: 97 | M82: 122.1 | N82: 118.1 | O82: 128.4 | P82: 125.8 | Q82: 124.3 | R82: 120.4 | S82: 118.6 | T82: 118.3 | U82: 119.2 | V82: 116.7 | W82: 109.9 | X82: 115.4 | Y82: 120.1 | Z82: 111 | AA82: 120.2 | AB82: =SUM(D82:O82) -> 1445.7 | AC82: 118.6 | AD82: 118.3 | AE82: =SUM(Q82:R82) -> 244.7 | AF82: =SUM(U82:Z82,P82) -> 818.1 | AG82: =SUM(AB82:AF82) -> 2745.4
A83: Rural | B83: 2015 | C83: April | D83: 123.3 | E83: 125.5 | F83: 117.2 | G83: 126.8 | H83: 111.9 | I83: 134.2 | J83: 127.5 | K83: 121.5 | L83: 97.8 | M83: 119.8 | N83: 119.4 | O83: 128.7 | P83: 125.7 | Q83: 126.4 | R83: 123.3 | T83: 121.2 | U83: 120.9 | V83: 118.6 | W83: 111.9 | X83: 116.2 | Y83: 119.9 | Z83: 111.6 | AA83: 121.5 | AB83: =SUM(D83:O83) -> 1453.6 | AD83: 121.2 | AE83: =SUM(Q83:R83) -> 249.7 | AF83: =SUM(U83:Z83,P83) -> 824.8 | AG83: =SUM(AB83:AF83) -> 2649.3
A84: Urban | B84: 2015 | C84: April | D84: 123.8 | E84: 128.2 | F84: 110 | G84: 126.3 | H84: 104.5 | I84: 130.6 | J84: 130.8 | K84: 131.3 | L84: 91.6 | M84: 127.7 | N84: 117.2 | O84: 129.5 | P84: 130.1 | Q84: 122.1 | R84: 117.2 | S84: 119.2 | T84: 114.7 | U84: 118.4 | V84: 114.6 | W84: 108.4 | X84: 115.6 | Y84: 121.7 | Z84: 111.8 | AA84: 119.7 | AB84: =SUM(D84:O84) -> 1451.5 | AC84: 119.2 | AD84: 114.7 | AE84: =SUM(Q84:R84) -> 239.3 | AF84: =SUM(U84:Z84,P84) -> 820.6 | AG84: =SUM(AB84:AF84) -> 2745.3
A85: Rural+Urban | B85: 2015 | C85: April | D85: 123.5 | E85: 126.4 | F85: 114.4 | G85: 126.6 | H85: 109.2 | I85: 132.5 | J85: 128.6 | K85: 124.8 | L85: 95.7 | M85: 122.4 | N85: 118.5 | O85: 129.1 | P85: 126.9 | Q85: 124.7 | R85: 120.8 | S85: 119.2 | T85: 118.7 | U85: 119.7 | V85: 117.1 | W85: 110.1 | X85: 115.9 | Y85: 121 | Z85: 111.7 | AA85: 120.7 | AB85: =SUM(D85:O85) -> 1451.7 | AC85: 119.2 | AD85: 118.7 | AE85: =SUM(Q85:R85) -> 245.5 | AF85: =SUM(U85:Z85,P85) -> 822.4 | AG85: =SUM(AB85:AF85) -> 2757.5
A86: Rural | B86: 2015 | C86: May | D86: 123.5 | E86: 127.1 | F86: 117.3 | G86: 127.7 | H86: 112.5 | I86: 134.1 | J86: 128.5 | K86: 124.3 | L86: 97.6 | M86: 120.7 | N86: 120.2 | O86: 129.8 | P86: 126.7 | Q86: 127.3 | R86: 124.1 | T86: 121.9 | U86: 121.5 | V86: 119.4 | W86: 113.3 | X86: 116.7 | Y86: 120.5 | Z86: 112.3 | AA86: 122.4 | AB86: =SUM(D86:O86) -> 1463.3 | AD86: 121.9 | AE86: =SUM(Q86:R86) -> 251.4 | AF86: =SUM(U86:Z86,P86) -> 830.4 | AG86: =SUM(AB86:AF86) -> 2667
A87: Urban | B87: 2015 | C87: May | D87: 123.8 | E87: 129.7 | F87: 111.3 | G87: 126.6 | H87: 105.2 | I87: 130.8 | J87: 135.6 | K87: 142.6 | L87: 90.8 | M87: 128.8 | N87: 117.7 | O87: 129.9 | P87: 131.3 | Q87: 122.4 | R87: 117.4 | S87: 119.6 | T87: 114.9 | U87: 118.7 | V87: 114.9 | W87: 110.8 | X87: 116 | Y87: 122 | Z87: 112.4 | AA87: 120.7 | AB87: =SUM(D87:O87) -> 1472.8 | AC87: 119.6 | AD87: 114.9 | AE87: =SUM(Q87:R87) -> 239.8 | AF87: =SUM(U87:Z87,P87) -> 826.1 | AG87: =SUM(AB87:AF87) -> 2773.2
A88: Rural+Urban | B88: 2015 | C88: May | D88: 123.6 | E88: 128 | F88: 115 | G88: 127.3 | H88: 109.8 | I88: 132.6 | J88: 130.9 | K88: 130.5 | L88: 95.3 | M88: 123.4 | N88: 119.2 | O88: 129.8 | P88: 127.9 | Q88: 125.4 | R88: 121.3 | S88: 119.6 | T88: 119.2 | U88: 120.2 | V88: 117.7 | W88: 112 | X88: 116.3 | Y88: 121.4 | Z88: 112.3 | AA88: 121.6 | AB88: =SUM(D88:O88) -> 1465.4 | AC88: 119.6 | AD88: 119.2 | AE88: =SUM(Q88:R88) -> 246.7 | AF88: =SUM(U88:Z88,P88) -> 827.8 | AG88: =SUM(AB88:AF88) -> 2778.7
A89: Rural | B89: 2015 | C89: June | D89: 124.1 | E89: 130.4 | F89: 122.1 | G89: 128.7 | H89: 114.1 | I89: 133.2 | J89: 135.2 | K89: 131.9 | L89: 96.3 | M89: 123 | N89: 121.1 | O89: 131.2 | P89: 128.2 | Q89: 128.4 | R89: 125.1 | T89: 122.6 | U89: 122.8 | V89: 120.4 | W89: 114.2 | X89: 117.9 | Y89: 122 | Z89: 113 | AA89: 124.1 | AB89: =SUM(D89:O89) -> 1491.3 | AD89: 122.6 | AE89: =SUM(Q89:R89) -> 253.5 | AF89: =SUM(U89:Z89,P89) -> 838.5 | AG89: =SUM(AB89:AF89) -> 2705.9
A90: Urban | B90: 2015 | C90: June | D90: 123.6 | E90: 134.4 | F90: 120.9 | G90: 127.3 | H90: 106 | I90: 132.3 | J90: 146.7 | K90: 148.1 | L90: 89.8 | M90: 130.5 | N90: 118 | O90: 130.5 | P90: 132.1 | Q90: 123.2 | R90: 117.6 | S90: 119 | T90: 115.1 | U90: 119.2 | V90: 115.4 | W90: 111.7 | X90: 116.2 | Y90: 123.8 | Z90: 112.5 | AA90: 121.7 | AB90: =SUM(D90:O90) -> 1508.1 | AC90: 119 | AD90: 115.1 | AE90: =SUM(Q90:R90) -> 240.8 | AF90: =SUM(U90:Z90,P90) -> 830.9 | AG90: =SUM(AB90:AF90) -> 2813.9
A91: Rural+Urban | B91: 2015 | C91: June | D91: 123.9 | E91: 131.8 | F91: 121.6 | G91: 128.2 | H91: 111.1 | I91: 132.8 | J91: 139.1 | K91: 137.4 | L91: 94.1 | M91: 125.5 | N91: 119.8 | O91: 130.9 | P91: 129.2 | Q91: 126.4 | R91: 122 | S91: 119 | T91: 119.8 | U91: 121.1 | V91: 118.5 | W91: 112.9 | X91: 116.9 | Y91: 123.1 | Z91: 112.8 | AA91: 123 | AB91: =SUM(D91:O91) -> 1496.2 | AC91: 119 | AD91: 119.8 | AE91: =SUM(Q91:R91) -> 248.4 | AF91: =SUM(U91:Z91,P91) -> 834.5 | AG91: =SUM(AB91:AF91) -> 2817.9
A92: Rural | B92: 2015 | C92: July | D92: 124 | E92: 131.5 | F92: 122 | G92: 128.7 | H92: 113.5 | I92: 133.3 | J92: 140.8 | K92: 133.8 | L92: 94.1 | M92: 123.4 | N92: 121 | O92: 131.7 | P92: 129.4 | Q92: 128.8 | R92: 125.5 | T92: 123 | U92: 123 | V92: 120.8 | W92: 114.1 | X92: 118 | Y92: 122.9 | Z92: 112.7 | AA92: 124.7 | AB92: =SUM(D92:O92) -> 1497.8 | AD92: 123 | AE92: =SUM(Q92:R92) -> 254.3 | AF92: =SUM(U92:Z92,P92) -> 840.9 | AG92: =SUM(AB92:AF92) -> 2716
A93: Urban | B93: 2015 | C93: July | D93: 123.2 | E93: 134.3 | F93: 119.5 | G93: 127.7 | H93: 106.3 | I93: 132.8 | J93: 153.5 | K93: 149.5 | L93: 85.7 | M93: 131.5 | N93: 118.3 | O93: 131.1 | P93: 133.1 | Q93: 123.5 | R93: 117.9 | S93: 119.9 | T93: 115.3 | U93: 119.5 | V93: 116 | W93: 111.5 | X93: 116.6 | Y93: 125.4 | Z93: 111.7 | AA93: 122.4 | AB93: =SUM(D93:O93) -> 1513.4 | AC93: 119.9 | AD93: 115.3 | AE93: =SUM(Q93:R93) -> 241.4 | AF93: =SUM(U93:Z93,P93) -> 833.8 | AG93: =SUM(AB93:AF93) -> 2823.8
A94: Rural+Urban | B94: 2015 | C94: July | D94: 123.7 | E94: 132.5 | F94: 121 | G94: 128.3 | H94: 110.9 | I94: 133.1 | J94: 145.1 | K94: 139.1 | L94: 91.3 | M94: 126.1 | N94: 119.9 | O94: 131.4 | P94: 130.4 | Q94: 126.7 | R94: 122.3 | S94: 119.9 | T94: 120.1 | U94: 121.3 | V94: 119 | W94: 112.7 | X94: 117.2 | Y94: 124.4 | Z94: 112.3 | AA94: 123.6 | AB94: =SUM(D94:O94) -> 1502.4 | AC94: 119.9 | AD94: 120.1 | AE94: =SUM(Q94:R94) -> 249 | AF94: =SUM(U94:Z94,P94) -> 837.3 | AG94: =SUM(AB94:AF94) -> 2828.7
A95: Rural | B95: 2015 | C95: August | D95: 124.7 | E95: 131.3 | F95: 121.3 | G95: 128.8 | H95: 114 | I95: 134.2 | J95: 153.6 | K95: 137.9 | L95: 93.1 | M95: 123.9 | N95: 121.5 | O95: 132.5 | P95: 130.1 | Q95: 129.5 | R95: 126.3 | T95: 123.8 | U95: 123.7 | V95: 121.1 | W95: 113.6 | X95: 118.5 | Y95: 123.6 | Z95: 112.5 | AA95: 126.1 | AB95: =SUM(D95:O95) -> 1516.8 | AD95: 123.8 | AE95: =SUM(Q95:R95) -> 255.8 | AF95: =SUM(U95:Z95,P95) -> 843.1 | AG95: =SUM(AB95:AF95) -> 2739.5
A96: Urban | B96: 2015 | C96: August | D96: 123.1 | E96: 131.7 | F96: 118.1 | G96: 128 | H96: 106.8 | I96: 130.1 | J96: 165.5 | K96: 156 | L96: 85.3 | M96: 132.7 | N96: 118.8 | O96: 131.7 | P96: 134.2 | Q96: 123.7 | R96: 118.2 | S96: 120.9 | T96: 115.3 | U96: 120 | V96: 116.6 | W96: 109.9 | X96: 117.2 | Y96: 126.2 | Z96: 112 | AA96: 123.2 | AB96: =SUM(D96:O96) -> 1527.8 | AC96: 120.9 | AD96: 115.3 | AE96: =SUM(Q96:R96) -> 241.9 | AF96: =SUM(U96:Z96,P96) -> 836.1 | AG96: =SUM(AB96:AF96) -> 2842
A97: Rural+Urban | B97: 2015 | C97: August | D97: 124.2 | E97: 131.4 | F97: 120.1 | G97: 128.5 | H97: 111.4 | I97: 132.3 | J97: 157.6 | K97: 144 | L97: 90.5 | M97: 126.8 | N97: 120.4 | O97: 132.1 | P97: 131.2 | Q97: 127.2 | R97: 122.9 | S97: 120.9 | T97: 120.6 | U97: 122 | V97: 119.4 | W97: 111.7 | X97: 117.8 | Y97: 125.1 | Z97: 112.3 | AA97: 124.8 | AB97: =SUM(D97:O97) -> 1519.3 | AC97: 120.9 | AD97: 120.6 | AE97: =SUM(Q97:R97) -> 250.1 | AF97: =SUM(U97:Z97,P97) -> 839.5 | AG97: =SUM(AB97:AF97) -> 2850.4
A98: Rural | B98: 2015 | C98: September | D98: 125.1 | E98: 131.1 | F98: 120.7 | G98: 129.2 | H98: 114.7 | I98: 132.3 | J98: 158.9 | K98: 142.1 | L98: 92.5 | M98: 125.4 | N98: 121.9 | O98: 132.7 | P98: 131 | Q98: 130.4 | R98: 126.8 | T98: 123.7 | U98: 124.5 | V98: 121.4 | W98: 113.8 | X98: 119.6 | Y98: 124.5 | Z98: 113.7 | AA98: 127 | AB98: =SUM(D98:O98) -> 1526.6 | AD98: 123.7 | AE98: =SUM(Q98:R98) -> 257.2 | AF98: =SUM(U98:Z98,P98) -> 848.5 | AG98: =SUM(AB98:AF98) -> 2756
A99: Urban | B99: 2015 | C99: September | D99: 123.4 | E99: 129 | F99: 115.6 | G99: 128.3 | H99: 107 | I99: 124 | J99: 168.5 | K99: 165.4 | L99: 86.3 | M99: 134.4 | N99: 119.1 | O99: 132.3 | P99: 134.7 | Q99: 124 | R99: 118.6 | S99: 121.6 | T99: 115.1 | U99: 120.4 | V99: 117.1 | W99: 109.1 | X99: 117.3 | Y99: 126.5 | Z99: 112.9 | AA99: 123.5 | AB99: =SUM(D99:O99) -> 1533.3 | AC99: 121.6 | AD99: 115.1 | AE99: =SUM(Q99:R99) -> 242.6 | AF99: =SUM(U99:Z99,P99) -> 838 | AG99: =SUM(AB99:AF99) -> 2850.6
A100: Rural+Urban | B100: 2015 | C100: September | D100: 124.6 | E100: 130.4 | F100: 118.7 | G100: 128.9 | H100: 111.9 | I100: 128.4 | J100: 162.2 | K100: 150 | L100: 90.4 | M100: 128.4 | N100: 120.7 | O100: 132.5 | P100: 132 | Q100: 127.9 | R100: 123.4 | S100: 121.6 | T100: 120.4 | U100: 122.6 | V100: 119.8 | W100: 111.3 | X100: 118.3 | Y100: 125.7 | Z100: 113.4 | AA100: 125.4 | AB100: =SUM(D100:O100) -> 1527.1 | AC100: 121.6 | AD100: 120.4 | AE100: =SUM(Q100:R100) -> 251.3 | AF100: =SUM(U100:Z100,P100) -> 843.1 | AG100: =SUM(AB100:AF100) -> 2863.5
...

Sheet ANSWER 1
A1: QUESTION 1
B6: FOOD CONTRIBUTION | C6: = | D6: =('MAIN DATA'!AB$373/'MAIN DATA'!$AG$373)*100 -> 51.728497
B7: HOUSING CONTRIBUTION | C7: = | D7: =('MAIN DATA'!AC$373/'MAIN DATA'!$AG$373)*100 -> 4.2689746
B8: FUEL AND LIGHT CONTRIBUTION | C8: = | D8: =('MAIN DATA'!AD$373/'MAIN DATA'!$AG$373)*100 -> 4.4440123
B9: CLOTHING AND FOOTWEAR CONTRIBUTION | C9: = | D9: =('MAIN DATA'!AE$373/'MAIN DATA'!$AG$373)*100 -> 8.9220596
B10: MISCELLANEOUS CONTRIBUTION | C10: = | D10: =('MAIN DATA'!AF$373/'MAIN DATA'!$AG$373)*100 -> 30.636456
B12: FOOD AND BEVERAGES HAS THE HIGHEST CONTRIBUTION IN CPI CALCULATION

Sheet ANSWER 2
A1: Sector | B1: Year | C1: Month | D1: General index | E1: YOY INFLATION %
A2: Rural+Urban | B2: 2013 | C2: January | D2: 104.6
A3: Rural+Urban | B3: 2013 | C3: February | D3: 105.3
A4: Rural+Urban | B4: 2013 | C4: March | D4: 105.5
A5: Rural+Urban | B5: 2013 | C5: April | D5: 106.1
A6: Rural+Urban | B6: 2013 | C6: May | D6: 106.9
A7: Rural+Urban | B7: 2013 | C7: June | D7: 109.3
A8: Rural+Urban | B8: 2013 | C8: July | D8: 111
A9: Rural+Urban | B9: 2013 | C9: August | D9: 112.4
A10: Rural+Urban | B10: 2013 | C10: September | D10: 113.7
A11: Rural+Urban | B11: 2013 | C11: October | D11: 114.8
A12: Rural+Urban | B12: 2013 | C12: November | D12: 116.3
A13: Rural+Urban | B13: 2013 | C13: December | D13: 114.5
A14: Rural+Urban | B14: 2014 | C14: January | D14: 113.6 | E14: =((D14-D2)/D2)*100 -> 8.6042065
A15: Rural+Urban | B15: 2014 | C15: February | D15: 113.6 | E15: =((D15-D3)/D3)*100 -> 7.8822412
A16: Rural+Urban | B16: 2014 | C16: March | D16: 114.2 | E16: =((D16-D4)/D4)*100 -> 8.2464455
A17: Rural+Urban | B17: 2014 | C17: April | D17: 115.1 | E17: =((D17-D5)/D5)*100 -> 8.4825636
A18: Rural+Urban | B18: 2014 | C18: May | D18: 115.8 | E18: =((D18-D6)/D6)*100 -> 8.3255379
A19: Rural+Urban | B19: 2014 | C19: June | D19: 116.7 | E19: =((D19-D7)/D7)*100 -> 6.7703568
A20: Rural+Urban | B20: 2014 | C20: July | D20: 119.2 | E20: =((D20-D8)/D8)*100 -> 7.3873874
A21: Rural+Urban | B21: 2014 | C21: August | D21: 120.3 | E21: =((D21-D9)/D9)*100 -> 7.0284698
A22: Rural+Urban | B22: 2014 | C22: September | D22: 120.1 | E22: =((D22-D10)/D10)*100 -> 5.6288478
A23: Rural+Urban | B23: 2014 | C23: October | D23: 120.1 | E23: =((D23-D11)/D11)*100 -> 4.6167247 | I23: 2022 HAS THE HIGHEST INFLATION N RATE
A24: Rural+Urban | B24: 2014 | C24: November | D24: 120.1 | E24: =((D24-D12)/D12)*100 -> 3.2674119 | I24: REASONS
A25: Rural+Urban | B25: 2014 | C25: December | D25: 119.4 | E25: =((D25-D13)/D13)*100 -> 4.279476 | I25: 1) IMPORTED INFLATION (CRUDE OIL)p
A26: Rural+Urban | B26: 2015 | C26: January | D26: 119.5 | E26: =((D26-D14)/D14)*100 -> 5.193662 | I26: 2) EDIBLE OIL AND COMMODITY SHOCKS
A27: Rural+Urban | B27: 2015 | C27: February | D27: 119.7 | E27: =((D27-D15)/D15)*100 -> 5.3697183 | I27: 3) POST-PANDEMIC DEMAND
A28: Rural+Urban | B28: 2015 | C28: March | D28: 120.2 | E28: =((D28-D16)/D16)*100 -> 5.2539405
A29: Rural+Urban | B29: 2015 | C29: April | D29: 120.7 | E29: =((D29-D17)/D17)*100 -> 4.8653345
A30: Rural+Urban | B30: 2015 | C30: May | D30: 121.6 | E30: =((D30-D18)/D18)*100 -> 5.0086356
A31: Rural+Urban | B31: 2015 | C31: June | D31: 123 | E31: =((D31-D19)/D19)*100 -> 5.3984576
A32: Rural+Urban | B32: 2015 | C32: July | D32: 123.6 | E32: =((D32-D20)/D20)*100 -> 3.6912752
A33: Rural+Urban | B33: 2015 | C33: August | D33: 124.8 | E33: =((D33-D21)/D21)*100 -> 3.7406484
A34: Rural+Urban | B34: 2015 | C34: September | D34: 125.4 | E34: =((D34-D22)/D22)*100 -> 4.4129892
A35: Rural+Urban | B35: 2015 | C35: October | D35: 126.1 | E35: =((D35-D23)/D23)*100 -> 4.9958368
A36: Rural+Urban | B36: 2015 | C36: November | D36: 126.6 | E36: =((D36-D24)/D24)*100 -> 5.4121565
A37: Rural+Urban | B37: 2015 | C37: December | D37: 126.1 | E37: =((D37-D25)/D25)*100 -> 5.6113903
A38: Rural+Urban | B38: 2016 | C38: January | D38: 126.3 | E38: =((D38-D26)/D26)*100 -> 5.6903766
A39: Rural+Urban | B39: 2016 | C39: February | D39: 126 | E39: =((D39-D27)/D27)*100 -> 5.2631579
... A125: Rural+Urban | B125: 2023 | C125: May | D125: 179.1 | E125: =((D125-D113)/D113)*100 -> 4.3098427

Sheet ANSWER 3
A1: SECTOR | B1: YEAR | C1: MONTH | D1: FOOD AND BEVERAGES | E1: FOOD MOM%Q
A2: Rural+Urban | B2: 2022 | C2: May | D2: 2065.6 | G2: MONTH WITH HIGHEST INFLATION IS JUNE 2022
A3: Rural+Urban | B3: 2022 | C3: June | D3: 2087 | E3: =((D3-D2)/D2) -> 0.010360186 | G3: MONTH WITH LOWEST INFLATION IS FEBRUARY 2023
A4: Rural+Urban | B4: 2022 | C4: July | D4: 2091.3 | E4: =((D4-D3)/D3) -> 0.0020603737
A5: Rural+Urban | B5: 2022 | C5: August | D5: 2092.9 | E5: =((D5-D4)/D4) -> 0.00076507436
A6: Rural+Urban | B6: 2022 | C6: September | D6: 2103.1 | E6: =((D6-D5)/D5) -> 0.0048736203
A7: Rural+Urban | B7: 2022 | C7: October | D7: 2117.7 | E7: =((D7-D6)/D6) -> 0.006942133
A8: Rural+Urban | B8: 2022 | C8: November | D8: 2118.5 | E8: =((D8-D7)/D7) -> 0.00037776833
A9: Rural+Urban | B9: 2022 | C9: December | D9: 2107.5 | E9: =((D9-D8)/D8) -> -0.0051923531
A10: Rural+Urban | B10: 2023 | C10: January | D10: 2116 | E10: =((D10-D9)/D9) -> 0.0040332147
A11: Rural+Urban | B11: 2023 | C11: February | D11: 2102.1 | E11: =((D11-D10)/D10) -> -0.0065689981
A12: Rural+Urban | B12: 2023 | C12: March | D12: 2102.2 | E12: =((D12-D11)/D11) -> 4.7571476e-05
A13: Rural+Urban | B13: 2023 | C13: April | D13: 2111.7 | E13: =((D13-D12)/D12) -> 0.0045190753
A14: Rural+Urban | B14: 2023 | C14: May | D14: 2127.8 | E14: =((D14-D13)/D13) -> 0.007624189 | I14: SPICES IS THE BIGGEST INDIVIDUAL CATEGORY CONTRIBUTOR
A17: Sector | B17: Year | C17: Month | D17: Cereals and products | E17: Meat and fish | F17: Egg | G17: Milk and products | H17: Oils and fats | I17: Fruits | J17: Vegetables | K17: Pulses and products | L17: Sugar and Confectionery | M17: Spices | N17: Non-alcoholic beverages | O17: Prepared meals, snacks, sweets etc.
A18: Rural+Urban | B18: 2022 | C18: May | D18: 154.1 | E18: 217 | F18: 162.4 | G18: 164.9 | H18: 202.4 | I18: 171 | J18: 174.9 | K18: 164.7 | L18: 119.7 | M18: 184.9 | N18: 167.1 | O18: 182.5
A19: Rural+Urban | B19: 2022 | C19: June | D19: 155 | E19: 219.4 | F19: 170.8 | G19: 165.8 | H19: 200.9 | I19: 169.7 | J19: 182.3 | K19: 164.3 | L19: 119.9 | M19: 187.1 | N19: 167.9 | O19: 183.9
A20: Rural+Urban | B20: 2022 | C20: July | D20: 156.5 | E20: 213 | F20: 175.2 | G20: 166.6 | H20: 195.8 | I20: 174.2 | J20: 182.1 | K20: 164.3 | L20: 120 | M20: 190 | N20: 168.4 | O20: 185.2
A21: Rural+Urban | B21: 2022 | C21: August | D21: 160.3 | E21: 206.5 | F21: 169.2 | G21: 168.1 | H21: 192.4 | I21: 172.9 | J21: 186.7 | K21: 167.2 | L21: 120.9 | M21: 193.6 | N21: 168.8 | O21: 186.3
A22: Rural+Urban | B22: 2022 | C22: September | D22: 163.5 | E22: 209.2 | F22: 169.7 | G22: 169.7 | H22: 188.7 | I22: 165.7 | J22: 191.8 | K22: 169.1 | L22: 121.6 | M22: 197.3 | N22: 169.4 | O22: 187.4
A23: Rural+Urban | B23: 2022 | C23: October | D23: 165.2 | E23: 210.9 | F23: 170.9 | G23: 170.9 | H23: 186.5 | I23: 163.8 | J23: 199.7 | K23: 169.8 | L23: 121.9 | M23: 199.9 | N23: 169.9 | O23: 188.3
A24: Rural+Urban | B24: 2022 | C24: November | D24: 167.4 | E24: 209.4 | F24: 181.4 | G24: 172.3 | H24: 188.9 | I24: 160.7 | J24: 183.1 | K24: 170.5 | L24: 122.1 | M24: 202.8 | N24: 170.4 | O24: 189.5
A25: Rural+Urban | B25: 2022 | C25: December | D25: 169.2 | E25: 209 | F25: 190.2 | G25: 173.6 | H25: 188.5 | I25: 158 | J25: 159.9 | K25: 170.8 | L25: 121.8 | M25: 205.2 | N25: 171 | O25: 190.3
A26: Rural+Urban | B26: 2023 | C26: January | D26: 173.8 | E26: 210.7 | F26: 194.5 | G26: 174.6 | H26: 187.2 | I26: 158.3 | J26: 153.9 | K26: 170.9 | L26: 121.1 | M26: 208.4 | N26: 171.4 | O26: 191.2
A27: Rural+Urban | B27: 2023 | C27: February | D27: 174.4 | E27: 207.7 | F27: 175.2 | G27: 177.3 | H27: 179.3 | I27: 169.5 | J27: 152.7 | K27: 171 | L27: 120 | M27: 209.7 | N27: 172.3 | O27: 193
A28: Rural+Urban | B28: 2023 | C28: March | D28: 174.4 | E28: 207.7 | F28: 175.2 | G28: 177.3 | H28: 179.2 | I28: 169.5 | J28: 152.8 | K28: 171.1 | L28: 120 | M28: 209.7 | N28: 172.3 | O28: 193
A29: Rural+Urban | B29: 2023 | C29: April | D29: 173.8 | E29: 209.3 | F29: 169.6 | G29: 178.4 | H29: 174.9 | I29: 176.3 | J29: 155.4 | K29: 173.4 | L29: 121.3 | M29: 212.9 | N29: 172.9 | O29: 193.5
A30: Rural+Urban | B30: 2023 | C30: May | D30: 173.7 | E30: 214.3 | F30: 173.2 | G30: 179.5 | H30: 170 | I30: 172.2 | J30: 161 | K30: 175.6 | L30: 122.7 | M30: 218 | N30: 173.4 | O30: 194.2
D32: =D30-D19 -> 18.7 | E32: =E30-E19 -> -5.1 | F32: =F30-F19 -> 2.4 | G32: =G30-G19 -> 13.7 | H32: =H30-H19 -> -30.9 | I32: =I30-I19 -> 2.5 | J32: =J30-J19 -> -21.3 | K32: =K30-K19 -> 11.3 | ... O32: =O30-O19 -> 10.3

Sheet ANSWER 4
A1: Sector | B1: Year | C1: Month | D1: FOOD AND BEVERAGES | E1: Health | F1: Household goods and services | H1: FOOD COVID | I1: HEALTH COVID | J1: Household goods and services COVID
A2: Rural+Urban | B2: 2019 | C2: March | D2: 1624.8 | E2: 146.2 | F2: 143.8 | G2: PRE COVID INFLATION= | H2: =(D13-D2)/D2 -> 0.074901526 | I2: =(E13-E2)/E2 -> 0.041723666 | J2: =(F13-F2)/F2 -> 0.018080668
A3: Rural+Urban | B3: 2019 | C3: May | D3: 1651 | E3: 146.9 | F3: 143.7 | G3: POST COVID INFLATIO= | H3: =(D25-D13)/D13 -> 0.077984541 | I3: =(E25-E13)/E13 -> 0.061720289 | J3: =(F25-F13)/F13 -> 0.032786885
A4: Rural+Urban | B4: 2019 | C4: June | D4: 1671.4 | E4: 147.4 | F4: 143.8
A5: Rural+Urban | B5: 2019 | C5: July | D5: 1692.8 | E5: 147.9 | F5: 144.2 | G5: THE REASON WE CAN SEE THE NOTICEABLE SPIKE IN INFLATION:
A6: Rural+Urban | B6: 2019 | C6: August | D6: 1700.6 | E6: 148.5 | F6: 144.5 | I6: 1) FOOD INFLATION SPIKED
A7: Rural+Urban | B7: 2019 | C7: September | D7: 1710.7 | E7: 149 | F7: 144.6 | I7: 2) HEALTHCARE INFLATION JUMPED
A8: Rural+Urban | B8: 2019 | C8: October | D8: 1736 | E8: 149.4 | F8: 145 | I8: 3) ESSENTIAL SERVICES
A9: Rural+Urban | B9: 2019 | C9: November | D9: 1759 | E9: 149.9 | F9: 145.3
A10: Rural+Urban | B10: 2019 | C10: December | D10: 1791.1 | E10: 150.4 | F10: 145.8
A11: Rural+Urban | B11: 2020 | C11: January | D11: 1786.9 | E11: 151.2 | F11: 146.2
A12: Rural+Urban | B12: 2020 | C12: February | D12: 1761.1 | E12: 151.7 | F12: 146.4
A13: Rural+Urban | B13: 2020 | C13: March | D13: 1746.5 | E13: 152.3 | F13: 146.4
A14: Rural+Urban | B14: 2020 | C14: April | D14: 1811.85 | E14: 150.7 | F14: 146.4
A15: Rural+Urban | B15: 2020 | C15: May | D15: 1805.35 | E15: 152.55 | F15: 146.4
A16: Rural+Urban | B16: 2020 | C16: June | D16: 1812.8 | E16: 154.4 | F16: 146.4
A17: Rural+Urban | B17: 2020 | C17: July | D17: 1812.8 | E17: 154.4 | F17: 146.4
A18: Rural+Urban | B18: 2020 | C18: August | D18: 1838.2 | E18: 155 | F18: 148.4
A19: Rural+Urban | B19: 2020 | C19: September | D19: 1849 | E19: 155.6 | F19: 148.7
A20: Rural+Urban | B20: 2020 | C20: October | D20: 1887.2 | E20: 156.3 | F20: 148.7
... A34: Rural+Urban | B34: 2021 | C34: December | D34: 2012.7 | E34: 170.6 | F34: 160.2

Sheet ANSWER 5
A1: Sector | B1: Year | C1: Month | D1: FOOD AND BEVERAGES | E1: HOUSING | F1: FUEL AND LIGHT | G1: CLOTHING AND FOOTWEAR | H1: MISCELLANEOUS | I1: CRUDE OIL PRICES | J1: crude MOM% | K1: FOOD AND BEVERAGES mom% | L1: HOUSING mom% | M1: FUEL AND LIGHT mom% | N1: CLOTHING AND FOOTWEAR mom% | O1: MISCELLANEOUS mom%
A2: Rural+Urban | B2: 2021 | C2: January | D2: 1915.5 | E2: 157.7 | F2: 147.9 | G2: 301.6 | H2: 1103.3 | I2: 54.77
A3: Rural+Urban | B3: 2021 | C3: February | D3: 1882.4 | E3: 159.8 | F3: 152.4 | G3: 304.6 | H3: 1112.4 | I3: 62.28 | J3: =(I3-I2)/I2 -> 0.13711886 | K3: =(D3-D2)/D2 -> -0.017280084 | L3: =(E3-E2)/E2 -> 0.013316424 | M3: =(F3-F2)/F2 -> 0.030425963 | N3: =(G3-G2)/G2 -> 0.0099469496 | O3: =(H3-H2)/H2 -> 0.0082479833 | P3: testing oil vs food | Q3: =CORREL($J$3:$J$30,$K$3:$K$30) -> 0.051935438
A4: Rural+Urban | B4: 2021 | C4: March | D4: 1882.7 | E4: 159.9 | F4: 155.5 | G4: 305.7 | H4: 1113.8 | I4: 65.41 | J4: =(I4-I3)/I3 -> 0.050256904 | K4: =(D4-D3)/D3 -> 0.00015937102 | L4: =(E4-E3)/E3 -> 0.00062578223 | M4: =(F4-F3)/F3 -> 0.020341207 | N4: =(G4-G3)/G3 -> 0.0036112935 | O4: =(H4-H3)/H3 -> 0.0012585401 | P4: testing oil vs housing | Q4: =CORREL($J$3:$J$30,$L$3:$L$30) -> 0.12627535
A5: Rural+Urban | B5: 2021 | C5: April | D5: 1906.1 | E5: 161.4 | F5: 155.6 | G5: 307.3 | H5: 1118.4 | I5: 64.81 | J5: =(I5-I4)/I4 -> -0.0091729093 | K5: =(D5-D4)/D4 -> 0.012428958 | L5: =(E5-E4)/E4 -> 0.009380863 | M5: =(F5-F4)/F4 -> 0.00064308682 | N5: =(G5-G4)/G4 -> 0.0052338894 | O5: =(H5-H4)/H4 -> 0.0041300054 | P5: testing oil vs fuel | Q5: =CORREL($J$3:$J$30,$M$3:$M$30) -> 0.12569723
A6: Rural+Urban | B6: 2021 | C6: May | D6: 1945 | E6: 161.6 | F6: 159.4 | G6: 313.9 | H6: 1136.9 | I6: 68.53 | J6: =(I6-I5)/I5 -> 0.05739855 | K6: =(D6-D5)/D5 -> 0.020408163 | L6: =(E6-E5)/E5 -> 0.0012391574 | M6: =(F6-F5)/F5 -> 0.024421594 | N6: =(G6-G5)/G5 -> 0.021477384 | O6: =(H6-H5)/H5 -> 0.016541488 | P6: testing oil vs clothing | Q6: =CORREL($J$3:$J$30,$N$3:$N$30) -> 0.15307794
A7: Rural+Urban | B7: 2021 | C7: June | D7: 1971.3 | E7: 160.5 | F7: 159.8 | G7: 314 | H7: 1138 | I7: 73.16 | J7: =(I7-I6)/I6 -> 0.067561652 | K7: =(D7-D6)/D6 -> 0.013521851 | L7: =(E7-E6)/E6 -> -0.0068069307 | M7: =(F7-F6)/F6 -> 0.0025094103 | N7: =(G7-G6)/G6 -> 0.00031857279 | O7: =(H7-H6)/H6 -> 0.00096754332 | P7: testing oil vs misc | Q7: =CORREL($J$3:$J$30,$O$3:$O$30) -> 0.08118428
A8: Rural+Urban | B8: 2021 | C8: July | D8: 1983 | E8: 161.5 | F8: 160.7 | G8: 315.9 | H8: 1145.7 | I8: 75.17 | J8: =(I8-I7)/I7 -> 0.02747403 | K8: =(D8-D7)/D7 -> 0.0059351697 | L8: =(E8-E7)/E7 -> 0.0062305296 | M8: =(F8-F7)/F7 -> 0.0056320401 | N8: =(G8-G7)/G7 -> 0.0060509554 | O8: =(H8-H7)/H7 -> 0.0067662566
A9: Rural+Urban | B9: 2021 | C9: August | D9: 1978 | E9: 162.1 | F9: 162.6 | G9: 319.8 | H9: 1153.4 | I9: 70.75 | J9: =(I9-I8)/I8 -> -0.058800053 | K9: =(D9-D8)/D8 -> -0.0025214322 | L9: =(E9-E8)/E8 -> 0.0037151703 | M9: =(F9-F8)/F8 -> 0.011823273 | N9: =(G9-G8)/G8 -> 0.012345679 | O9: =(H9-H8)/H8 -> 0.0067207821
A10: Rural+Urban | B10: 2021 | C10: September | D10: 1978 | E10: 162.1 | F10: 162.6 | G10: 319.9 | H10: 1153.4 | I10: 74.49 | J10: =(I10-I9)/I9 -> 0.052862191 | K10: =(D10-D9)/D9 -> -1.149513e-16 | L10: =(E10-E9)/E9 -> 0 | M10: =(F10-F9)/F9 -> 0 | N10: =(G10-G9)/G9 -> 0.00031269543 | O10: =(H10-H9)/H9 -> 0
A11: Rural+Urban | B11: 2021 | C11: October | D11: 2007.8 | E11: 163.6 | F11: 164.2 | G11: 322 | H11: 1159.2 | I11: 83.54 | J11: =(I11-I10)/I10 -> 0.12149282 | K11: =(D11-D10)/D10 -> 0.015065723 | L11: =(E11-E10)/E10 -> 0.0092535472 | M11: =(F11-F10)/F10 -> 0.0098400984 | N11: =(G11-G10)/G10 -> 0.0065645514 | O11: =(H11-H10)/H10 -> 0.0050286111 | P11: clothing category shows the strongest correlation to global crude oil price
A12: Rural+Urban | B12: 2021 | C12: November | D12: 2024.4 | E12: 164.2 | F12: 163.9 | G12: 324.6 | H12: 1163.2 | I12: 81.05 | J12: =(I12-I11)/I11 -> -0.029806081 | K12: =(D12-D11)/D11 -> 0.0082677558 | L12: =(E12-E11)/E11 -> 0.0036674817 | M12: =(F12-F11)/F11 -> -0.0018270402 | N12: =(G12-G11)/G11 -> 0.0080745342 | O12: =(H12-H11)/H11 -> 0.0034506556
A13: Rural+Urban | B13: 2021 | C13: December | D13: 2012.7 | E13: 163.4 | F13: 164.1 | G13: 327.2 | H13: 1166.5 | I13: 74.17 | J13: =(I13-I12)/I12 -> -0.084885873 | K13: =(D13-D12)/D12 -> -0.0057794902 | L13: =(E13-E12)/E12 -> -0.0048721072 | M13: =(F13-F12)/F12 -> 0.0012202563 | N13: =(G13-G12)/G12 -> 0.0080098583 | O13: =(H13-H12)/H12 -> 0.0028370014
A14: Rural+Urban | B14: 2022 | C14: January | D14: 1997.8 | E14: 164.5 | F14: 164.2 | G14: 330.6 | H14: 1170.1 | I14: 86.51 | J14: =(I14-I13)/I13 -> 0.16637454 | K14: =(D14-D13)/D13 -> -0.007402991 | L14: =(E14-E13)/E13 -> 0.0067319461 | M14: =(F14-F13)/F13 -> 0.00060938452 | N14: =(G14-G13)/G13 -> 0.010391198 | O14: =(H14-H13)/H13 -> 0.0030861552
A15: Rural+Urban | B15: 2022 | C15: February | D15: 1995 | E15: 165.5 | F15: 165.7 | G15: 333.2 | H15: 1175.6 | I15: 97.13 | J15: =(I15-I14)/I14 -> 0.12276037 | K15: =(D15-D14)/D14 -> -0.0014015417 | L15: =(E15-E14)/E14 -> 0.0060790274 | M15: =(F15-F14)/F14 -> 0.009135201 | N15: =(G15-G14)/G14 -> 0.0078644888 | O15: =(H15-H14)/H14 -> 0.004700453
A16: Rural+Urban | B16: 2022 | C16: March | D16: 2015.8 | E16: 165.3 | F16: 167.2 | G16: 336.7 | H16: 1183.9 | I16: 117.25 | J16: =(I16-I15)/I15 -> 0.20714506 | K16: =(D16-D15)/D15 -> 0.010426065 | L16: =(E16-E15)/E15 -> -0.0012084592 | M16: =(F16-F15)/F15 -> 0.0090525045 | N16: =(G16-G15)/G15 -> 0.010504202 | O16: =(H16-H15)/H15 -> 0.0070602246
A17: Rural+Urban | B17: 2022 | C17: April | D17: 2043.5 | E17: 167 | F17: 172.2 | G17: 340.4 | H17: 1194.6 | I17: 104.58 | J17: =(I17-I16)/I16 -> -0.1080597 | K17: =(D17-D16)/D16 -> 0.013741443 | L17: =(E17-E16)/E16 -> 0.010284332 | M17: =(F17-F16)/F16 -> 0.029904306 | N17: =(G17-G16)/G16 -> 0.010989011 | O17: =(H17-H16)/H16 -> 0.0090379255
A18: Rural+Urban | B18: 2022 | C18: May | D18: 2065.6 | E18: 167.5 | F18: 174.6 | G18: 344 | H18: 1198.5 | I18: 113.34 | J18: =(I18-I17)/I17 -> 0.083763626 | K18: =(D18-D17)/D17 -> 0.010814779 | L18: =(E18-E17)/E17 -> 0.002994012 | M18: =(F18-F17)/F17 -> 0.013937282 | N18: =(G18-G17)/G17 -> 0.010575793 | O18: =(H18-H17)/H17 -> 0.0032646911
A19: Rural+Urban | B19: 2022 | C19: June | D19: 2087 | E19: 166.8 | F19: 176 | G19: 347 | H19: 1201.4 | I19: 122.71 | J19: =(I19-I18)/I18 -> 0.082671608 | K19: =(D19-D18)/D18 -> 0.010360186 | L19: =(E19-E18)/E18 -> -0.0041791045 | M19: =(F19-F18)/F18 -> 0.0080183276 | N19: =(G19-G18)/G18 -> 0.0087209302 | O19: =(H19-H18)/H18 -> 0.0024196913
A20: Rural+Urban | B20: 2022 | C20: July | D20: 2091.3 | E20: 167.8 | F20: 179.6 | G20: 349.6 | H20: 1207.1 | I20: 111.93 | J20: =(I20-I19)/I19 -> -0.087849401 | K20: =(D20-D19)/D19 -> 0.0020603737 | L20: =(E20-E19)/E19 -> 0.0059952038 | M20: =(F20-F19)/F19 -> 0.020454545 | N20: =(G20-G19)/G19 -> 0.0074927954 | O20: =(H20-H19)/H19 -> 0.0047444648
A21: Rural+Urban | B21: 2022 | C21: August | D21: 2092.9 | E21: 169 | F21: 178.8 | G21: 352.2 | H21: 1212.6 | I21: 100.45 | J21: =(I21-I20)/I20 -> -0.1025641 | K21: =(D21-D20)/D20 -> 0.00076507436 | L21: =(E21-E20)/E20 -> 0.0071513707 | M21: =(F21-F20)/F20 -> -0.004454343 | N21: =(G21-G20)/G20 -> 0.0074370709 | O21: =(H21-H20)/H20 -> 0.0045563748
A22: Rural+Urban | B22: 2022 | C22: September | D22: 2103.1 | E22: 169.5 | F22: 179.5 | G22: 355.2 | H22: 1217.1 | I22: 89.76 | J22: =(I22-I21)/I21 -> -0.10642111 | K22: =(D22-D21)/D21 -> 0.0048736203 | L22: =(E22-E21)/E21 -> 0.0029585799 | M22: =(F22-F21)/F21 -> 0.0039149888 | N22: =(G22-G21)/G21 -> 0.0085178876 | O22: =(H22-H21)/H21 -> 0.0037110341
A23: Rural+Urban | B23: 2022 | C23: October | D23: 2117.7 | E23: 171.2 | F23: 180.5 | G23: 357.2 | H23: 1222 | I23: 93.33 | J23: =(I23-I22)/I22 -> 0.039772727 | K23: =(D23-D22)/D22 -> 0.006942133 | L23: =(E23-E22)/E22 -> 0.010029499 | M23: =(F23-F22)/F22 -> 0.0055710306 | N23: =(G23-G22)/G22 -> 0.0056306306 | O23: =(H23-H22)/H22 -> 0.0040259634
... A30: Rural+Urban | B30: 2023 | C30: May | D30: 2127.8 | E30: 175.6 | F30: 182.8 | G30: 367 | H30: 1260.2 | I30: 75.47 | J30: =(I30-I29)/I29 -> -0.10834121 | K30: =(D30-D29)/D29 -> 0.007624189 | L30: =(E30-E29)/E29 -> 0.002283105 | M30: =(F30-F29)/F29 -> 0.0060539351 | N30: =(G30-G29)/G29 -> 0.0024583447 | O30: =(H30-H29)/H29 -> 0.0035037426
